RecordID,Pregnancies,Glucose,BloodPressure,SkinThickness,Insulin,BMI,DiabetesPedigreeFunction,Age,BirthYear,Country,LabOrderCode,Outcome,FullName,Phone,ZodiacSign,FavoriteColor,Hobby
REC00001,6,76.8,61.1,19.2,254.6,21.23,0.305,40.4,1986.0,Colombia,8382,0,Person_1,3536954488.0,Leo,Pink,Travel
REC00002,3,128.1,54.3,16.5,45.1,35.55,0.934,22.6,2003.0,Colombia,4531,0,Person_2,3404770893.0,Leo,Blue,Music
REC00003,12,174.4,86.9,34.0,63.8,30.36,0.08,21.0,2005.0,Colombia,1801,1,Person_3,3011031873.0,Virgo,Purple,Gaming
REC00004,14,132.1,50.7,50.9,61.0,33.01,0.147,48.4,1978.0,Colombia,9234,0,Person_4,3737420070.0,Leo,Pink,Gaming
REC00005,10,,76.0,24.5,81.0,30.44,0.88,34.8,1991.0,Colombia,4349,0,Person_5,3725650672.0,Pisces,Pink,Reading
REC00006,7,122.5,44.2,,110.3,35.81,0.237,39.2,1987.0,Colombia,9005,1,Person_6,3440382481.0,Virgo,Black,Music
REC00007,12,112.2,,18.5,20.4,,1.986,45.2,1981.0,Colombia,4201,0,Person_7,3483582405.0,Scorpio,Red,Music
REC00008,4,,,24.3,60.2,24.64,0.314,21.0,2005.0,Colombia,1349,0,Person_8,3712654266.0,Taurus,White,Reading
REC00009,6,104.8,83.1,,139.9,32.6,0.785,40.6,1985.0,Colombia,1583,0,Person_9,3404630431.0,Cancer,Orange,Cinema
REC00010,9,79.3,68.1,23.3,49.8,30.5,0.257,23.9,2002.0,Colombia,4377,0,Person_10,3893880596.0,Virgo,Red,Reading
REC00011,2,72.6,89.0,24.4,26.1,31.42,0.277,25.4,2001.0,Colombia,7028,0,Person_11,3018392487.0,Pisces,Blue,Cinema
REC00012,6,122.4,97.7,33.3,85.1,15.0,0.241,38.2,1988.0,Colombia,8694,0,Person_12,3045209051.0,Leo,Red,Reading
REC00013,10,,66.1,,138.9,36.78,0.635,28.6,1997.0,Colombia,7196,0,Person_13,3088093722.0,Aries,Black,Sports
REC00014,10,127.1,64.6,21.1,5.2,29.8,0.397,40.1,1986.0,Colombia,8083,0,Person_14,3786057679.0,Sagittarius,Blue,Sports
REC00015,7,110.5,71.8,35.1,120.0,22.56,1.439,32.5,1993.0,Colombia,4401,0,Person_15,3604158758.0,Gemini,Gray,Travel
REC00016,4,133.8,64.3,40.4,137.9,38.46,0.144,35.0,1991.0,Colombia,4185,1,Person_16,3616431573.0,Taurus,Gray,Photography
REC00017,3,125.6,62.5,20.3,49.5,,0.08,27.1,1999.0,Colombia,6285,1,Person_17,3938584887.0,Sagittarius,Yellow,Reading
REC00018,7,144.8,63.6,24.2,327.4,29.71,0.25,21.0,2005.0,Colombia,7772,0,Person_18,3065339754.0,Libra,Red,Music
REC00019,7,159.8,90.6,2.3,,23.93,0.479,24.1,2002.0,Colombia,9490,0,Person_19,3313396606.0,Leo,Purple,Sports
REC00020,2,91.4,79.3,,118.9,33.25,0.986,31.8,1994.0,Colombia,4347,0,Person_20,3477743854.0,Pisces,Orange,Gardening
REC00021,5,50.0,64.2,11.6,110.2,32.86,0.212,55.0,1971.0,Colombia,1788,0,Person_21,3305484300.0,Virgo,Black,Cinema
REC00022,4,109.5,40.5,15.6,13.1,38.47,0.53,50.7,1975.0,Colombia,5945,0,Person_22,3624881021.0,Pisces,Blue,Sports
REC00023,1,89.4,51.5,9.0,19.6,28.89,0.216,25.2,2001.0,Colombia,3889,0,Person_23,3375080129.0,Aquarius,Orange,Sports
REC00024,7,145.0,76.0,19.6,49.9,40.36,0.48,33.7,1992.0,Colombia,6273,0,Person_24,3415679949.0,Cancer,Red,Hiking
REC00025,11,98.3,44.5,15.9,24.5,28.22,1.081,29.5,1996.0,Colombia,4272,0,Person_25,3066840631.0,Aries,Purple,Cinema
REC00026,13,63.7,73.5,30.7,42.9,22.58,0.132,34.6,1991.0,Colombia,6234,0,Person_26,3432674021.0,Cancer,Red,Gaming
REC00027,5,102.8,57.2,15.3,,24.07,0.259,36.1,1990.0,Colombia,7902,0,Person_27,3626911720.0,Sagittarius,White,Cooking
REC00028,1,75.2,,0.0,139.1,31.56,2.5,39.3,1987.0,Colombia,8612,0,Person_28,3780966939.0,Aries,White,Cinema
REC00029,11,167.7,70.8,21.3,79.5,31.54,1.015,21.0,2005.0,Colombia,3492,0,Person_29,3793716543.0,Capricorn,Black,Travel
REC00030,4,,71.4,19.9,156.2,34.3,0.416,37.4,1989.0,Colombia,7745,0,Person_30,3862286545.0,Gemini,Blue,Hiking
REC00031,0,,,,122.5,31.37,0.363,28.2,1998.0,Colombia,5240,0,Person_31,3997873599.0,Leo,Blue,Cinema
REC00032,11,136.1,64.9,20.9,44.8,38.84,0.167,24.5,2001.0,Colombia,3322,0,Person_32,3461972663.0,Libra,Pink,Cinema
REC00033,9,145.2,61.4,,18.0,2.0,0.364,42.5,1983.0,Colombia,6298,0,Person_33,3532342184.0,Sagittarius,Black,Photography
REC00034,5,154.0,75.8,23.3,57.8,,0.943,50.6,1975.0,Colombia,2861,0,Person_34,3816592246.0,Virgo,Black,Hiking
REC00035,12,103.8,79.7,,106.6,31.15,0.578,41.3,1985.0,Colombia,7620,0,Person_35,3903323491.0,Gemini,Purple,Cinema
REC00036,11,77.4,55.4,1.9,45.9,17.95,0.171,26.8,1999.0,Colombia,5047,1,Person_36,3529594408.0,Libra,White,Cooking
REC00037,8,94.6,69.4,14.8,87.9,33.9,0.112,21.0,2005.0,Colombia,8581,0,Person_37,3169444835.0,Cancer,Blue,Cooking
REC00038,0,118.6,72.4,,7.9,39.4,0.154,21.0,2005.0,Colombia,8320,0,Person_38,3062150915.0,Gemini,Red,Gardening
REC00039,10,50.0,72.2,15.7,110.3,25.1,0.093,35.2,1991.0,Colombia,2098,0,Person_39,3537803192.0,Libra,Black,Hiking
REC00040,10,,72.0,30.2,,41.93,0.08,39.9,1986.0,Colombia,6247,0,Person_40,3512082845.0,Aquarius,Yellow,Gaming
REC00041,14,63.1,65.2,25.4,98.2,37.9,0.272,31.8,1994.0,Colombia,2734,0,Person_41,3332362583.0,Aquarius,Green,Cinema
REC00042,9,138.0,73.3,28.5,273.5,40.45,0.08,44.2,1982.0,Colombia,5663,0,Person_42,3640344147.0,Libra,Blue,Photography
REC00043,11,115.0,77.4,20.3,140.2,33.33,0.094,21.0,2005.0,Colombia,6909,0,Person_43,3767293485.0,Cancer,Gray,Photography
REC00044,11,128.6,71.7,,186.7,25.05,0.396,30.9,1995.0,Colombia,4416,0,Person_44,3288463287.0,Pisces,Blue,Music
REC00045,14,105.8,76.1,8.9,216.9,37.47,0.09,30.0,1996.0,Colombia,7302,0,Person_45,3280030878.0,Libra,Yellow,Gaming
REC00046,13,126.5,81.9,27.5,129.3,27.63,0.08,31.7,1994.0,Colombia,8593,0,Person_46,3229478231.0,Aquarius,Blue,Photography
REC00047,13,105.8,47.8,21.7,89.7,32.83,0.191,47.0,1979.0,Colombia,1680,0,Person_47,3246670854.0,Taurus,Yellow,Cooking
REC00048,14,103.3,81.3,32.6,0.5,30.8,0.124,31.7,1994.0,Colombia,9163,0,Person_48,3136823769.0,Aries,Green,Music
REC00049,13,93.1,74.1,22.9,50.2,39.87,0.362,5.0,1997.0,Colombia,3070,0,Person_49,3163116876.0,Pisces,Pink,Reading
REC00050,2,165.8,56.7,8.2,67.7,37.11,0.08,21.8,2004.0,Colombia,7668,0,Person_50,3941899189.0,Taurus,Purple,Photography
REC00051,11,131.0,79.6,14.8,29.0,31.44,0.697,48.9,1977.0,Colombia,9001,0,Person_51,3708808839.0,Cancer,Green,Travel
REC00052,6,126.3,65.2,,30.6,18.34,1.183,21.0,2005.0,Colombia,3191,0,Person_52,3749999286.0,Scorpio,Orange,Hiking
REC00053,3,93.7,66.9,27.1,259.9,27.55,0.68,26.4,2000.0,Colombia,9859,0,Person_53,3505870020.0,Gemini,Pink,Photography
REC00054,8,113.0,63.9,28.6,177.8,36.93,0.381,53.3,1973.0,Colombia,8586,1,Person_54,3633902251.0,Capricorn,Purple,Sports
REC00055,2,90.4,73.6,9.5,151.3,33.96,0.985,38.6,1987.0,Colombia,9872,0,Person_55,3516031372.0,Virgo,White,Gaming
REC00056,4,105.3,60.6,8.0,41.7,21.48,0.594,32.8,1993.0,Colombia,3846,0,Person_56,3536537948.0,Virgo,Yellow,Sports
REC00057,2,83.7,80.8,18.1,1.1,19.35,0.08,33.3,1993.0,Colombia,3463,0,Person_57,3305609491.0,Sagittarius,Black,Gardening
REC00058,6,167.7,68.3,34.4,6.7,33.37,0.251,21.6,2004.0,Colombia,7837,1,Person_58,3128070221.0,Sagittarius,Orange,Photography
REC00059,4,97.3,,13.1,29.9,,0.952,32.2,1994.0,Colombia,5922,1,Person_59,3618936223.0,Cancer,Green,Reading
REC00060,8,,79.0,24.5,1.3,25.27,0.212,28.8,1997.0,Colombia,5392,0,Person_60,3145707963.0,Sagittarius,Blue,Sports
REC00061,6,80.2,66.2,24.6,1.4,36.71,0.08,35.2,1991.0,Colombia,4183,1,Person_61,3593521329.0,Virgo,Green,Sports
REC00062,1,96.9,81.4,27.6,198.7,,0.686,21.0,2005.0,Colombia,4167,0,Person_62,3082807322.0,Taurus,Purple,Gaming
REC00063,3,105.2,81.8,36.6,98.0,26.75,0.81,37.8,1988.0,Colombia,3997,0,Person_63,3449881207.0,Capricorn,Orange,Music
REC00064,8,118.5,54.0,35.6,29.6,31.69,0.088,45.2,1981.0,Colombia,7521,1,Person_64,3463650072.0,Aquarius,Red,Reading
REC00065,11,100.6,83.3,14.1,11.4,31.48,0.385,30.6,1995.0,Colombia,4227,0,Person_65,3408372531.0,Virgo,Purple,Sports
REC00066,13,72.0,52.5,0.0,57.3,30.85,0.107,40.8,1985.0,Chile,7564,0,Person_66,3607214275.0,Taurus,Pink,Cinema
REC00067,1,74.6,84.1,13.2,0.4,32.28,0.635,36.7,1989.0,Colombia,3024,0,Person_67,3988933396.0,Scorpio,Green,Reading
REC00068,9,140.4,94.3,20.8,223.0,37.3,0.158,25.7,2000.0,Colombia,1329,0,Person_68,3595682833.0,Cancer,Green,Cinema
REC00069,8,116.3,80.5,16.4,42.9,27.28,0.19,21.0,2005.0,Colombia,3486,0,Person_69,3762063142.0,Leo,Orange,Photography
REC00070,9,139.5,44.1,39.7,41.2,21.32,0.932,22.0,2004.0,Colombia,2155,1,Person_70,3977053748.0,Scorpio,Yellow,Sports
REC00071,4,143.4,,20.2,39.6,43.83,0.323,36.5,1989.0,Colombia,5477,1,Person_71,3129778469.0,Aquarius,Orange,Sports
REC00072,1,124.5,97.0,26.5,5.7,39.63,0.554,32.3,1994.0,Colombia,3185,0,Person_72,3228151347.0,Scorpio,Black,Cooking
REC00073,3,83.0,66.4,22.2,81.4,24.27,0.257,48.3,1978.0,Colombia,8086,1,Person_73,3195772487.0,Pisces,Green,Cooking
REC00074,11,125.7,69.6,16.5,105.6,32.95,0.177,42.5,1984.0,Colombia,3317,0,Person_74,3166527003.0,Pisces,Yellow,Gaming
REC00075,14,162.0,55.7,0.8,90.2,39.07,0.491,42.5,1984.0,Colombia,4621,1,Person_75,3717496788.0,Virgo,Yellow,Hiking
REC00076,11,106.6,73.7,19.2,11.9,37.24,0.084,36.2,1990.0,Colombia,5491,0,Person_76,3032886671.0,Cancer,Orange,Hiking
REC00077,6,130.2,85.2,52.5,69.2,35.23,0.233,21.5,2005.0,Colombia,3511,0,Person_77,3984048379.0,Aries,White,Music
REC00078,11,119.6,78.4,7.6,67.4,30.81,0.117,36.9,1989.0,Colombia,8842,0,Person_78,3499252085.0,Pisces,Purple,Gaming
REC00079,12,161.2,107.7,1.9,162.2,44.09,0.595,33.8,1992.0,Colombia,9641,0,Person_79,3995531663.0,Libra,Pink,Hiking
REC00080,7,99.7,70.4,39.4,38.1,33.55,1.443,21.0,2005.0,Colombia,8848,1,Person_80,3791075362.0,Scorpio,White,Gaming
REC00081,14,154.6,50.4,27.4,37.2,,2.5,47.5,1978.0,Colombia,6404,0,Person_81,3650257808.0,Sagittarius,Green,Sports
REC00082,2,108.7,72.1,21.9,77.1,38.1,0.299,46.2,1980.0,Colombia,6393,0,Person_82,3563161288.0,Taurus,Green,Cooking
REC00083,13,99.2,41.0,33.6,80.2,32.67,0.146,21.0,2005.0,Peru,2293,0,Person_83,3360419064.0,Aries,Green,Cooking
REC00084,0,123.3,63.6,11.7,50.7,34.45,0.292,25.3,2001.0,Colombia,3465,0,Person_84,3882032226.0,Cancer,Gray,Cooking
REC00085,3,130.3,89.5,18.9,46.8,33.42,0.94,26.4,2000.0,Colombia,4175,1,Person_85,3229913395.0,Leo,Blue,Hiking
REC00086,1,177.3,,29.6,54.5,35.48,0.115,40.3,1986.0,Colombia,8849,0,Person_86,3259715036.0,Capricorn,Red,Reading
REC00087,7,129.6,72.2,41.1,157.9,25.15,1.519,38.9,1987.0,Colombia,9444,0,Person_87,3498692070.0,Pisces,Gray,Travel
REC00088,3,125.8,91.8,8.3,49.5,21.84,0.209,33.5,1992.0,Colombia,9210,0,Person_88,3335263185.0,Aries,Red,Sports
REC00089,1,167.9,66.8,32.8,225.0,42.04,2.127,36.3,1990.0,Colombia,3759,0,Person_89,3963470987.0,Leo,Yellow,Photography
REC00090,13,,85.1,23.8,56.1,33.75,0.912,21.0,2005.0,Colombia,6255,0,Person_90,3693911122.0,Virgo,Green,Gaming
REC00091,5,100.7,71.6,21.6,238.4,37.4,0.827,37.6,1988.0,Colombia,9414,0,Person_91,3608453167.0,Gemini,Black,Cooking
REC00092,5,160.7,74.6,19.9,143.1,19.68,0.191,31.8,1994.0,Colombia,1002,0,Person_92,3080781077.0,Pisces,Pink,Cooking
REC00093,9,97.8,55.4,6.2,36.0,,0.08,24.9,2001.0,Colombia,9130,0,Person_93,3710717818.0,Libra,Orange,Cooking
REC00094,3,100.5,64.2,29.6,159.4,28.35,0.241,21.0,2005.0,Colombia,2259,0,Person_94,3144527095.0,Virgo,Pink,Sports
REC00095,5,400.0,,12.2,9.3,26.36,0.18,33.3,1993.0,Colombia,9190,0,Person_95,3539502462.0,Cancer,Black,Cooking
REC00096,12,91.9,,9.2,207.3,31.56,0.08,37.3,1989.0,Colombia,5323,0,Person_96,3749182128.0,Gemini,Orange,Music
REC00097,14,130.0,74.7,,79.9,25.15,0.352,21.0,2005.0,Colombia,6773,0,Person_97,3723473459.0,Leo,Yellow,Gaming
REC00098,1,112.3,56.7,27.9,4.5,31.99,0.258,33.2,1993.0,Colombia,3568,0,Person_98,3664027214.0,Gemini,Black,Sports
REC00099,9,50.0,,20.8,82.7,31.05,0.503,34.5,1992.0,Colombia,2885,0,Person_99,3406140288.0,Capricorn,Green,Gaming
REC00100,11,112.0,73.3,30.8,292.7,39.42,0.485,26.3,2000.0,Colombia,8060,0,Person_100,3839570241.0,Sagittarius,Black,Cinema
REC00101,1,104.5,70.7,34.3,5.8,42.59,0.08,37.6,1988.0,Colombia,8844,0,Person_101,3531170311.0,Sagittarius,Green,Gardening
REC00102,9,146.8,79.2,33.1,64.7,42.37,1.885,31.4,1995.0,Colombia,7111,0,Person_102,3891772117.0,Virgo,Black,Music
REC00103,13,103.1,60.1,14.7,110.2,16.15,0.103,36.4,1990.0,Peru,3338,1,Person_103,3909821976.0,Aquarius,Black,Reading
REC00104,3,196.2,72.0,30.1,133.0,25.45,0.295,39.4,1987.0,Colombia,4758,1,Person_104,3081129921.0,Virgo,White,Reading
REC00105,13,,61.4,,42.7,16.08,0.335,39.4,1987.0,Colombia,5810,0,Person_105,3091020031.0,Pisces,Pink,Travel
REC00106,14,108.3,88.7,37.3,18.3,23.65,0.838,45.2,1981.0,Colombia,7791,0,Person_106,3600947442.0,Cancer,Red,Music
REC00107,14,154.5,57.3,,3.5,27.45,0.08,37.1,1989.0,Colombia,8171,0,Person_107,3977065928.0,Cancer,Gray,Gaming
REC00108,7,135.8,70.8,16.4,69.3,34.87,0.28,27.3,1999.0,Colombia,3731,0,Person_108,3056442312.0,Taurus,White,Reading
REC00109,13,127.0,74.0,,48.3,28.36,0.495,25.2,2001.0,Colombia,1869,0,Person_109,3969033164.0,Capricorn,Red,Gardening
REC00110,6,144.1,74.7,21.9,237.7,28.56,0.121,21.0,2005.0,Colombia,6166,1,Person_110,3749026397.0,Cancer,White,Reading
REC00111,11,121.6,,24.7,5.0,33.27,0.494,34.8,1991.0,Colombia,1093,0,Person_111,3791697102.0,Scorpio,Blue,Cooking
REC00112,8,,59.3,24.9,92.5,20.03,1.286,48.9,1977.0,Colombia,3987,0,Person_112,3474036146.0,Capricorn,Orange,Travel
REC00113,13,144.7,,23.5,,,2.5,28.7,1997.0,Colombia,9627,1,Person_113,3278460852.0,Taurus,Green,Sports
REC00114,7,181.6,76.3,26.7,15.0,28.48,0.08,38.4,1988.0,Colombia,5947,1,Person_114,3180979214.0,Sagittarius,Gray,Photography
REC00115,4,127.5,68.3,17.8,48.3,30.58,0.134,24.0,2002.0,Colombia,7651,0,Person_115,3054342321.0,Aries,White,Photography
REC00116,12,106.4,79.6,11.3,48.5,32.54,0.186,35.3,1991.0,Colombia,7979,0,Person_116,3814479302.0,Taurus,White,Reading
REC00117,1,59.1,,10.4,92.6,42.5,0.255,48.1,1978.0,Colombia,7794,0,Person_117,3762107257.0,Taurus,Yellow,Gaming
REC00118,14,,42.7,29.8,192.8,38.36,0.139,41.2,1985.0,Colombia,7524,1,Person_118,3941986378.0,Aquarius,Black,Gaming
REC00119,4,112.1,73.0,24.7,,26.61,0.114,21.0,2005.0,Colombia,4144,0,Person_119,3543930471.0,Virgo,Blue,Cooking
REC00120,7,136.0,97.0,1.4,245.5,30.17,1.546,39.8,1986.0,Colombia,4587,0,Person_120,3814565157.0,Libra,Gray,Reading
REC00121,9,177.2,85.9,31.0,170.7,29.69,1.254,40.4,1986.0,Colombia,1076,1,Person_121,3977505959.0,Gemini,Gray,Reading
REC00122,8,126.8,75.1,38.8,70.3,28.4,0.08,35.1,1991.0,Colombia,9959,0,Person_122,3843044801.0,Aquarius,Orange,Photography
REC00123,11,114.2,57.3,12.8,143.6,33.91,0.207,41.0,1985.0,Colombia,7553,0,Person_123,3770159218.0,Sagittarius,Gray,Cinema
REC00124,11,162.6,75.7,23.4,82.3,18.98,0.26,23.0,2003.0,Colombia,9297,1,Person_124,3691152879.0,Leo,Purple,Reading
REC00125,11,10.0,,15.3,6.5,38.17,0.137,33.8,1992.0,Colombia,7694,0,Person_125,3947043366.0,Leo,Gray,Sports
REC00126,12,137.6,,26.3,107.9,43.85,0.496,46.3,1980.0,Colombia,3873,1,Person_126,3165714377.0,Aquarius,White,Travel
REC00127,8,74.3,73.8,,8.0,,0.511,45.2,1981.0,Colombia,4346,1,Person_127,3592269675.0,Pisces,Purple,Travel
REC00128,12,156.2,88.1,19.3,72.1,29.97,0.95,39.6,1986.0,Colombia,8024,0,Person_128,3001904400.0,Cancer,Red,Sports
REC00129,14,131.3,,29.8,97.0,33.1,0.675,22.4,2004.0,Colombia,4148,0,Person_129,3540993670.0,Sagittarius,Black,Cinema
REC00130,12,78.9,57.3,32.4,5.5,39.14,0.391,21.0,2005.0,Colombia,1244,0,Person_130,3605827445.0,Scorpio,Purple,Gaming
REC00131,0,134.6,78.3,24.3,21.0,29.73,0.53,34.4,1992.0,Colombia,3625,0,Person_131,3601504999.0,Pisces,Red,Photography
REC00132,8,58.1,75.5,16.6,197.8,,0.16,35.2,1991.0,Colombia,4849,0,Person_132,3356849702.0,Cancer,Blue,Travel
REC00133,6,190.3,82.3,4.1,76.6,,0.45,31.8,1994.0,Colombia,8737,0,Person_133,3633610018.0,Cancer,Pink,Music
REC00134,8,86.9,76.8,12.4,22.6,48.53,0.336,23.3,2003.0,Colombia,9333,0,Person_134,3425769778.0,Taurus,Green,Gardening
REC00135,7,168.4,63.2,15.3,93.9,29.7,0.08,38.2,1988.0,Colombia,1892,0,Person_135,3414681134.0,Sagittarius,White,Photography
REC00136,0,95.6,75.2,13.0,72.7,18.17,0.139,34.3,1992.0,Colombia,6487,1,Person_136,3535590947.0,Gemini,Purple,Cinema
REC00137,11,136.8,,20.6,55.7,21.97,0.172,36.5,1990.0,Colombia,8251,0,Person_137,3057651007.0,Cancer,Pink,Music
REC00138,7,92.6,67.0,16.6,299.0,,1.291,40.1,1986.0,Colombia,8310,1,Person_138,3732551262.0,Libra,Black,Reading
REC00139,7,149.9,,21.7,,39.2,0.131,29.7,1996.0,Colombia,3399,0,Person_139,3742411224.0,Capricorn,Yellow,Sports
REC00140,14,112.9,65.7,,37.7,27.43,0.171,27.1,1999.0,Colombia,5640,0,Person_140,3585119080.0,Scorpio,Blue,Reading
REC00141,10,134.0,99.6,15.9,128.8,30.38,0.231,46.3,1980.0,Colombia,3960,0,Person_141,3805783052.0,Scorpio,Green,Cooking
REC00142,2,120.5,47.3,6.2,172.7,36.79,0.545,23.9,2002.0,Colombia,8325,0,Person_142,3560067729.0,Cancer,Black,Hiking
REC00143,0,79.0,63.4,,10.7,25.24,0.08,27.4,1999.0,Colombia,2469,0,Person_143,3092977044.0,Libra,Blue,Sports
REC00144,7,135.1,58.7,25.8,17.9,27.72,1.539,47.8,1978.0,Colombia,4374,0,Person_144,3220012911.0,Capricorn,Yellow,Music
REC00145,2,104.9,61.6,,19.5,23.83,1.003,26.4,2000.0,Colombia,9847,0,Person_145,3085983296.0,Aries,Red,Gardening
REC00146,2,151.4,62.3,24.1,94.0,40.25,0.43,31.8,1994.0,Colombia,9234,0,Person_146,3079760611.0,Virgo,Yellow,Hiking
REC00147,0,,54.1,33.0,,42.79,0.56,28.1,1998.0,Colombia,8923,0,Person_147,3773001969.0,Virgo,Purple,Cooking
REC00148,10,,79.0,18.1,77.2,,0.08,21.0,2005.0,Colombia,6122,0,Person_148,3595465735.0,Virgo,Green,Gaming
REC00149,4,170.5,63.4,40.5,,31.0,0.207,31.5,1994.0,Colombia,6387,0,Person_149,3368297971.0,Pisces,Gray,Cooking
REC00150,9,191.4,72.0,28.2,119.7,41.85,0.794,21.0,2005.0,Colombia,8631,1,Person_150,3974531375.0,Taurus,Orange,Hiking
REC00151,6,143.6,64.8,0.0,11.0,34.79,0.08,36.1,1990.0,Colombia,8226,1,Person_151,3905897812.0,Scorpio,White,Travel
REC00152,9,111.4,61.7,38.0,34.2,,0.166,46.3,1980.0,Colombia,6108,1,Person_152,3770004522.0,Leo,White,Photography
REC00153,8,108.8,90.1,12.3,45.7,21.18,0.44,21.0,2005.0,Colombia,3224,1,Person_153,3933873844.0,Leo,Red,Cinema
REC00154,11,95.4,,9.7,40.3,40.07,0.148,28.1,1998.0,Colombia,3110,1,Person_154,3054346324.0,Taurus,Black,Reading
REC00155,6,101.2,,25.2,88.5,34.52,1.359,5.0,1988.0,Colombia,1957,0,Person_155,3718077082.0,Cancer,Green,Gaming
REC00156,8,111.8,46.3,2.6,178.0,21.69,0.08,21.0,2005.0,Colombia,8146,0,Person_156,3865270546.0,Pisces,Gray,Cinema
REC00157,7,178.9,82.5,,29.2,40.33,0.798,49.0,1977.0,Colombia,1560,0,Person_157,3930090801.0,Sagittarius,Red,Cooking
REC00158,11,114.1,63.8,35.6,64.2,20.8,0.355,37.6,1988.0,Colombia,8413,0,Person_158,3091344306.0,Sagittarius,Orange,Gardening
REC00159,1,83.2,50.2,25.6,,30.46,0.694,46.0,1980.0,Colombia,2312,0,Person_159,3420603690.0,Virgo,Purple,Reading
REC00160,0,121.2,82.5,28.1,43.1,30.15,0.186,26.2,2000.0,Colombia,2821,0,Person_160,3739163234.0,Aquarius,Purple,Gaming
REC00161,6,125.3,72.0,13.4,14.7,43.33,0.361,27.7,1998.0,Colombia,6646,0,Person_161,3909671015.0,Sagittarius,Gray,Cinema
REC00162,6,121.1,73.0,4.6,51.5,,0.972,31.1,1995.0,Colombia,5945,0,Person_162,3238077299.0,Cancer,Gray,Reading
REC00163,13,144.0,79.7,27.1,4.5,30.15,0.315,58.7,1967.0,Colombia,6374,1,Person_163,3434267698.0,Aquarius,Gray,Reading
REC00164,7,122.1,54.3,29.3,228.3,22.46,0.223,48.8,1977.0,Colombia,3651,0,Person_164,3306929001.0,Aries,Yellow,Gaming
REC00165,4,143.1,50.4,28.8,6.2,27.52,0.384,34.6,1991.0,Colombia,5701,0,Person_165,3761946223.0,Taurus,White,Music
REC00166,2,96.6,,22.1,46.2,26.28,0.632,36.1,1990.0,Colombia,3877,0,Person_166,3685605316.0,Aries,Pink,Photography
REC00167,11,173.4,52.8,,60.4,26.64,0.293,40.6,1985.0,Colombia,6582,1,Person_167,3910437107.0,Scorpio,Green,Music
REC00168,7,127.6,55.3,,337.6,32.04,1.397,61.7,1964.0,Colombia,6390,0,Person_168,3881253544.0,Sagittarius,Pink,Reading
REC00169,5,132.0,57.7,24.8,14.5,,0.175,37.6,1988.0,Colombia,5083,1,Person_169,3957352519.0,Capricorn,Yellow,Hiking
REC00170,10,96.5,95.0,18.3,9.7,21.43,0.323,33.6,1992.0,Colombia,1745,0,Person_170,3165578890.0,Pisces,Black,Sports
REC00171,2,134.2,75.9,18.3,0.7,31.22,0.707,28.9,1997.0,Peru,9749,1,Person_171,3620894031.0,Virgo,Purple,Hiking
REC00172,0,139.5,81.6,21.5,13.5,32.85,0.584,35.8,1990.0,Colombia,1941,0,Person_172,3718100710.0,Taurus,White,Gaming
REC00173,2,,72.4,30.7,,30.37,0.996,26.0,2000.0,Colombia,5023,1,Person_173,3980767982.0,Virgo,Gray,Reading
REC00174,4,70.2,,21.9,,31.71,2.5,39.0,1987.0,Colombia,3296,0,Person_174,3122223575.0,Sagittarius,Orange,Reading
REC00175,14,128.8,77.6,28.6,19.8,29.14,0.278,21.0,2005.0,Colombia,1939,0,Person_175,3979669244.0,Pisces,Orange,Gardening
REC00176,13,105.3,51.3,21.5,1.7,31.87,0.08,29.9,1996.0,Colombia,2610,0,Person_176,3555575252.0,Gemini,Orange,Photography
REC00177,2,127.8,56.9,18.9,140.2,35.04,0.08,41.8,1984.0,Colombia,7300,0,Person_177,3022447539.0,Sagittarius,Green,Gardening
REC00178,0,81.3,78.8,26.4,36.4,34.99,0.649,37.4,1989.0,Colombia,2725,0,Person_178,3970590102.0,Taurus,Gray,Gaming
REC00179,4,73.2,53.7,26.0,34.9,27.18,1.036,27.4,1999.0,Colombia,9853,0,Person_179,3434682416.0,Aquarius,White,Travel
REC00180,9,126.2,67.7,18.3,28.8,38.41,0.125,30.2,1996.0,Colombia,8187,1,Person_180,3348810661.0,Leo,Purple,Music
REC00181,6,109.5,68.3,12.5,296.3,33.1,0.086,45.4,1981.0,Colombia,1032,0,Person_181,3777082158.0,Aquarius,Pink,Gardening
REC00182,14,56.7,63.7,23.4,14.9,40.63,0.08,21.0,2005.0,Colombia,6985,0,Person_182,3509622343.0,Taurus,Gray,Gaming
REC00183,13,160.3,46.6,20.8,182.8,42.03,0.865,21.0,2005.0,Colombia,4414,1,Person_183,3632405254.0,Libra,Gray,Music
REC00184,6,80.8,62.5,14.5,120.0,,0.187,21.8,2004.0,Colombia,2156,0,Person_184,3302311233.0,Aquarius,Yellow,Gaming
REC00185,10,197.2,60.1,,6.4,25.99,0.257,32.9,1993.0,Colombia,4126,0,Person_185,3604846301.0,Capricorn,Black,Travel
REC00186,8,101.3,71.9,,345.8,37.69,0.349,21.0,2005.0,Colombia,9252,0,Person_186,3671536204.0,Sagittarius,Orange,Photography
REC00187,14,,71.3,25.5,25.3,20.35,0.915,44.4,1982.0,Colombia,2543,0,Person_187,3972767293.0,Libra,Red,Photography
REC00188,14,169.4,,16.4,8.3,41.94,0.526,21.9,2004.0,Colombia,1271,1,Person_188,3146294230.0,Pisces,White,Gaming
REC00189,9,164.4,61.9,14.2,141.4,29.59,0.477,35.7,1990.0,Colombia,6295,1,Person_189,3859915420.0,Leo,Yellow,Gardening
REC00190,9,179.6,76.3,,98.1,36.03,0.097,26.1,2000.0,Colombia,5076,0,Person_190,3526201637.0,Cancer,Black,Photography
REC00191,11,74.3,51.3,23.8,76.8,31.19,0.36,32.2,1994.0,Colombia,6902,1,Person_191,3009885820.0,Pisces,Black,Sports
REC00192,12,85.9,48.1,12.0,13.6,,0.628,21.0,2005.0,Colombia,3709,0,Person_192,3279415524.0,Cancer,Blue,Gardening
REC00193,2,126.8,42.0,42.4,52.1,39.39,1.811,45.0,1981.0,Colombia,6221,0,Person_193,3714303315.0,Capricorn,Orange,Cinema
REC00194,14,,64.0,15.9,121.3,51.26,0.112,21.5,2005.0,Colombia,9529,0,Person_194,3179873952.0,Scorpio,Blue,Cooking
REC00195,6,119.7,61.0,0.0,28.9,28.39,0.08,21.0,2005.0,Colombia,7722,0,Person_195,3882102812.0,Capricorn,Yellow,Gaming
REC00196,0,70.9,79.5,19.7,29.9,,0.08,61.5,1964.0,Colombia,9201,0,Person_196,3391893617.0,Capricorn,Black,Gaming
REC00197,3,134.9,62.2,19.3,,15.0,0.236,39.7,1986.0,Colombia,5144,0,Person_197,3178574926.0,Capricorn,Red,Gaming
REC00198,12,114.2,73.3,31.1,15.3,41.46,0.859,44.5,1981.0,Colombia,6606,0,Person_198,3768564758.0,Capricorn,White,Travel
REC00199,3,113.8,79.8,22.9,166.6,38.38,0.08,38.5,1987.0,Colombia,7766,0,Person_199,3141508713.0,Capricorn,Blue,Gaming
REC00200,13,51.7,61.8,,,19.87,0.305,27.6,1998.0,Colombia,1730,0,Person_200,3966780034.0,Aries,Black,Photography
REC00201,4,143.9,73.6,17.1,332.0,17.55,0.2,21.0,2005.0,Colombia,5890,0,Person_201,3923553783.0,Leo,White,Photography
REC00202,6,124.4,82.0,23.3,40.3,18.36,0.08,29.4,1997.0,Peru,2648,1,Person_202,3537395164.0,Taurus,Orange,Cooking
REC00203,6,173.9,55.1,,100.5,36.52,0.299,21.3,2005.0,Colombia,5228,1,Person_203,3044656300.0,Aquarius,Pink,Cooking
REC00204,12,117.8,,33.4,26.5,37.21,0.147,22.0,2004.0,Colombia,3130,0,Person_204,3506653447.0,Sagittarius,White,Hiking
REC00205,14,137.0,61.8,11.7,36.2,25.54,0.217,21.0,2005.0,Colombia,5366,0,Person_205,3079269717.0,Libra,Black,Gardening
REC00206,10,145.0,55.9,34.2,16.9,,0.611,34.4,1992.0,Colombia,2506,0,Person_206,3562513780.0,Capricorn,Yellow,Photography
REC00207,12,67.6,,23.9,,,0.369,51.9,1974.0,Colombia,3158,0,Person_207,3195886876.0,Scorpio,Blue,Photography
REC00208,3,198.5,55.7,26.3,63.4,29.43,0.08,39.7,1986.0,Colombia,3916,0,Person_208,3957696001.0,Virgo,Blue,Travel
REC00209,12,107.1,70.7,31.5,384.0,38.79,1.627,31.7,1994.0,Colombia,4229,1,Person_209,3888158440.0,Sagittarius,Purple,Photography
REC00210,6,134.8,50.7,25.7,87.3,23.57,0.505,32.5,1993.0,Colombia,7265,0,Person_210,3739225968.0,Virgo,Black,Photography
REC00211,10,139.2,63.4,26.7,17.8,40.03,0.726,21.0,2005.0,Colombia,5136,0,Person_211,3173548794.0,Libra,Purple,Hiking
REC00212,2,95.6,79.8,,3.7,26.9,0.08,27.9,1998.0,Colombia,3689,0,Person_212,3460546993.0,Libra,Red,Sports
REC00213,5,175.4,75.4,23.7,10.8,44.47,0.08,21.0,2005.0,Colombia,8190,0,Person_213,3832102380.0,Sagittarius,Red,Hiking
REC00214,11,128.0,63.6,14.1,66.1,24.96,0.08,34.6,1991.0,Colombia,3810,1,Person_214,3711823168.0,Aquarius,Black,Sports
REC00215,1,113.6,90.3,16.6,,29.54,0.105,29.9,1996.0,Colombia,7152,0,Person_215,3050478187.0,Scorpio,Blue,Hiking
REC00216,9,124.2,92.7,39.6,225.6,32.41,0.268,22.6,2003.0,Chile,1012,1,Person_216,3556760339.0,Aries,Orange,Photography
REC00217,12,142.9,70.3,11.9,1.3,32.37,1.373,34.3,1992.0,Colombia,6938,0,Person_217,3054077619.0,Cancer,Green,Hiking
REC00218,13,120.3,40.4,,59.2,35.44,0.305,34.2,1992.0,Colombia,8999,0,Person_218,3570347220.0,Libra,Red,Photography
REC00219,8,146.5,80.6,21.1,50.9,23.0,0.171,51.2,1975.0,Colombia,8219,1,Person_219,3346177828.0,Aquarius,Blue,Photography
REC00220,4,69.5,42.5,16.9,85.4,31.74,0.413,41.2,1985.0,Colombia,6328,0,Person_220,3382825031.0,Scorpio,Gray,Cooking
REC00221,5,,87.7,25.1,65.6,32.97,0.08,35.6,1990.0,Colombia,4621,0,Person_221,3474643226.0,Libra,Gray,Reading
REC00222,11,55.8,83.0,25.9,92.9,28.31,0.47,21.6,2004.0,Colombia,4683,1,Person_222,3634235054.0,Pisces,Purple,Sports
REC00223,11,179.9,91.3,,85.9,,0.42,250.0,2005.0,Colombia,8872,0,Person_223,3961042554.0,Gemini,White,Cinema
REC00224,11,179.5,73.1,21.0,10.0,22.58,0.785,40.2,1986.0,Colombia,6310,0,Person_224,3866474210.0,Cancer,Orange,Gardening
REC00225,11,,65.7,9.2,128.6,29.71,2.16,30.6,1995.0,Colombia,1652,0,Person_225,3212938629.0,Pisces,Purple,Gardening
REC00226,3,89.6,64.6,27.9,,26.73,0.144,36.0,1990.0,Colombia,6799,0,Person_226,3939272635.0,Libra,Gray,Hiking
REC00227,13,191.7,63.4,21.8,95.9,29.74,0.356,5.0,1981.0,Colombia,9812,0,Person_227,3346259244.0,Scorpio,Orange,Reading
REC00228,13,101.9,81.8,20.8,43.0,42.13,1.198,21.0,2005.0,Colombia,4790,0,Person_228,3360114603.0,Libra,Green,Travel
REC00229,10,,78.5,26.6,57.7,42.27,0.769,49.8,1976.0,Colombia,2645,1,Person_229,3099171410.0,Virgo,White,Cinema
REC00230,9,124.8,,17.2,186.9,40.89,0.334,44.6,1981.0,Colombia,5512,0,Person_230,3416813820.0,Sagittarius,Purple,Gardening
REC00231,6,133.5,61.3,29.1,176.5,28.76,1.454,21.0,2005.0,Colombia,5759,0,Person_231,3355077777.0,Sagittarius,Gray,Music
REC00232,11,139.3,,10.5,136.2,38.35,0.08,61.2,1965.0,Colombia,6874,0,Person_232,3726170231.0,Aquarius,Red,Gaming
REC00233,8,140.5,80.9,34.1,57.1,,1.337,36.9,1989.0,Colombia,4688,0,Person_233,3349681728.0,Libra,Red,Music
REC00234,6,115.7,50.8,14.5,106.6,,0.08,27.3,1999.0,Colombia,8689,0,Person_234,3072676632.0,Scorpio,Purple,Travel
REC00235,13,140.0,63.8,3.0,57.5,,0.396,39.2,1987.0,Colombia,2379,0,Person_235,3105537306.0,Virgo,Green,Cinema
REC00236,0,,81.2,16.7,163.0,44.31,1.106,21.3,2005.0,Colombia,5243,0,Person_236,3493737350.0,Aries,Green,Gardening
REC00237,0,137.4,60.4,15.6,41.2,41.56,0.152,39.6,1986.0,Colombia,7507,0,Person_237,3197992875.0,Aries,Black,Hiking
REC00238,8,134.9,74.2,16.6,281.2,37.21,0.32,23.5,2003.0,Colombia,8819,0,Person_238,3101833321.0,Virgo,White,Gaming
REC00239,10,142.9,81.4,22.3,215.4,30.81,0.196,57.2,1969.0,Colombia,9593,1,Person_239,3919153564.0,Taurus,Blue,Sports
REC00240,13,139.1,,31.0,108.3,32.28,1.52,33.7,1992.0,Colombia,3653,0,Person_240,3025925598.0,Scorpio,Green,Gardening
REC00241,8,106.7,68.7,18.1,26.2,35.71,0.868,40.8,1985.0,Colombia,6611,1,Person_241,3968629035.0,Aries,White,Gardening
REC00242,3,133.8,69.2,13.1,,28.35,0.617,250.0,2002.0,Colombia,7127,0,Person_242,3371130474.0,Taurus,Green,Travel
REC00243,12,,65.1,8.7,154.3,38.57,0.443,42.8,1983.0,Colombia,4923,0,Person_243,3292810275.0,Scorpio,Black,Gardening
REC00244,8,81.3,73.6,15.3,14.5,25.55,0.859,32.8,1993.0,Colombia,9459,0,Person_244,3971444882.0,Pisces,Pink,Cinema
REC00245,2,111.8,77.9,1.1,154.1,34.74,0.249,21.0,2005.0,Colombia,6912,0,Person_245,3071740677.0,Virgo,Green,Reading
REC00246,6,138.2,71.7,12.7,54.0,,0.297,30.1,1996.0,Colombia,6130,0,Person_246,3042659736.0,Pisces,White,Cinema
REC00247,5,171.3,65.5,32.4,41.7,28.15,0.655,56.2,1970.0,Colombia,6439,0,Person_247,3931943582.0,Capricorn,Black,Sports
REC00248,7,144.7,77.6,11.8,186.8,46.54,0.221,43.3,1983.0,Colombia,8880,1,Person_248,3557324552.0,Taurus,Black,Reading
REC00249,10,173.2,70.6,26.3,74.1,,0.08,28.5,1998.0,Colombia,7449,1,Person_249,3687513043.0,Taurus,White,Gardening
REC00250,8,108.0,67.2,7.7,68.8,42.75,0.08,21.0,2005.0,Colombia,2725,0,Person_250,3000263369.0,Aquarius,White,Gardening
REC00251,13,127.5,54.3,37.7,65.5,27.33,0.08,23.0,2003.0,Colombia,8522,0,Person_251,3160313252.0,Libra,Red,Gaming
REC00252,4,144.2,51.2,38.4,37.1,,1.019,21.0,2005.0,Colombia,5784,0,Person_252,3426184858.0,Leo,Pink,Gardening
REC00253,0,50.2,54.0,25.9,123.2,40.97,0.32,21.0,2005.0,Colombia,2232,0,Person_253,3382463272.0,Leo,Black,Photography
REC00254,2,165.3,73.3,39.9,23.3,36.43,0.624,42.4,1984.0,Colombia,9808,0,Person_254,3085476223.0,Scorpio,Red,Sports
REC00255,9,64.2,,23.6,223.6,,0.25,33.7,1992.0,Colombia,9338,0,Person_255,3779202369.0,Pisces,Orange,Cooking
REC00256,11,149.9,52.2,27.7,,43.41,0.15,54.5,1971.0,Colombia,8446,0,Person_256,3854816241.0,Pisces,Purple,Hiking
REC00257,7,140.6,77.8,32.6,32.9,24.72,0.213,21.0,2005.0,Colombia,5616,0,Person_257,3311150164.0,Libra,Purple,Gaming
REC00258,14,50.0,86.5,21.8,104.6,30.71,0.79,33.0,1993.0,Colombia,5725,0,Person_258,3012506080.0,Pisces,Black,Music
REC00259,10,51.3,62.8,,,19.72,0.491,21.0,2005.0,Colombia,4677,0,Person_259,3756526871.0,Sagittarius,Red,Reading
REC00260,5,163.0,49.1,27.9,33.0,24.33,1.387,25.9,2000.0,Colombia,7287,0,Person_260,3173893876.0,Cancer,Pink,Cooking
REC00261,7,156.4,61.5,15.3,357.4,39.52,0.569,30.3,1996.0,Chile,9480,1,Person_261,3184718635.0,Capricorn,Pink,Hiking
REC00262,8,,80.3,16.0,2.0,25.58,0.422,28.5,1997.0,Colombia,2409,0,Person_262,3656655721.0,Cancer,Orange,Gardening
REC00263,3,93.5,76.6,23.0,23.3,37.15,0.471,33.6,1992.0,Colombia,9205,1,Person_263,3740605281.0,Taurus,Black,Cinema
REC00264,0,135.4,58.9,25.7,58.7,43.61,1.427,44.7,1981.0,Colombia,1256,1,Person_264,3795504443.0,Gemini,Green,Photography
REC00265,13,119.6,88.3,21.5,59.0,30.75,0.776,43.4,1983.0,Colombia,2721,1,Person_265,3714124808.0,Aries,Orange,Reading
REC00266,0,,86.2,26.4,71.1,35.64,0.08,23.8,2002.0,Colombia,2423,0,Person_266,3050530689.0,Aries,Red,Reading
REC00267,9,134.4,,12.9,111.4,37.2,0.382,32.6,1993.0,Colombia,5953,0,Person_267,3377466167.0,Libra,Green,Reading
REC00268,3,10.0,61.1,19.6,78.1,23.45,0.583,42.5,1983.0,Colombia,3990,0,Person_268,3620722589.0,Leo,Purple,Sports
REC00269,11,,62.9,28.5,73.4,27.68,0.691,45.4,1981.0,Colombia,2195,0,Person_269,3005997845.0,Gemini,Yellow,Reading
REC00270,13,141.6,63.9,37.7,4.4,24.97,0.12,25.1,2001.0,Colombia,5559,1,Person_270,3791412461.0,Libra,Purple,Gaming
REC00271,6,109.4,81.4,41.3,37.8,28.24,1.009,41.5,1985.0,Colombia,5365,0,Person_271,3529930954.0,Taurus,Black,Hiking
REC00272,1,107.2,75.1,24.3,21.1,37.01,1.56,37.0,1989.0,Colombia,2244,0,Person_272,3915088118.0,Gemini,White,Cinema
REC00273,2,118.4,,28.4,24.7,27.83,0.135,21.0,2005.0,Colombia,7766,0,Person_273,3360784618.0,Aries,Purple,Gaming
REC00274,0,,78.1,39.8,64.7,31.75,1.071,42.6,1983.0,Colombia,6302,1,Person_274,3090464848.0,Scorpio,Gray,Gaming
REC00275,4,107.8,90.6,13.3,17.8,24.7,0.08,34.8,1991.0,Colombia,2306,0,Person_275,3779648355.0,Taurus,Purple,Photography
REC00276,0,127.8,57.3,26.3,27.8,40.58,0.08,21.0,2005.0,Colombia,3402,1,Person_276,3232986124.0,Libra,Purple,Cinema
REC00277,7,52.7,74.6,27.7,21.6,28.18,0.08,29.5,1997.0,Colombia,1496,0,Person_277,3773565254.0,Aquarius,Purple,Photography
REC00278,0,140.3,43.9,34.5,237.3,42.66,0.08,33.5,1993.0,Colombia,4399,0,Person_278,3062189583.0,Sagittarius,Purple,Reading
REC00279,10,187.7,54.2,8.6,231.5,32.43,0.932,25.7,2000.0,Colombia,1909,0,Person_279,3726193120.0,Virgo,Green,Reading
REC00280,0,92.0,69.1,10.6,75.3,22.15,0.08,47.7,1978.0,Colombia,1372,0,Person_280,3916792364.0,Taurus,Green,Gaming
REC00281,1,,75.0,20.2,206.7,30.8,0.158,48.2,1978.0,Colombia,7236,0,Person_281,3826070336.0,Taurus,Purple,Gaming
REC00282,1,,68.8,23.8,123.3,24.56,0.08,28.4,1998.0,Colombia,2344,0,Person_282,3756808330.0,Sagittarius,Blue,Reading
REC00283,11,50.0,63.2,31.2,71.3,36.13,0.175,27.1,1999.0,Colombia,9515,1,Person_283,3313908549.0,Capricorn,Blue,Travel
REC00284,5,108.4,65.3,25.2,0.5,30.17,0.08,31.4,1995.0,Colombia,3431,0,Person_284,3379836563.0,Scorpio,Green,Hiking
REC00285,6,159.9,86.4,18.5,118.5,33.14,0.551,30.6,1995.0,Colombia,5670,1,Person_285,3180271458.0,Sagittarius,Yellow,Sports
REC00286,4,180.0,65.4,24.2,97.0,29.41,0.08,25.9,2000.0,Colombia,3784,0,Person_286,3877759723.0,Cancer,White,Cooking
REC00287,0,141.5,91.0,23.0,76.4,28.11,0.955,21.0,2005.0,Colombia,2695,0,Person_287,3949543614.0,Cancer,Orange,Gardening
REC00288,0,167.0,79.5,37.5,114.3,25.18,0.85,54.1,1972.0,Colombia,2907,1,Person_288,3735826532.0,Taurus,Gray,Music
REC00289,2,84.7,75.5,21.7,57.5,37.85,0.08,33.0,1993.0,Colombia,5814,0,Person_289,3635453544.0,Capricorn,Gray,Cinema
REC00290,13,99.6,55.7,16.2,97.4,30.79,1.13,30.9,1995.0,Colombia,1780,0,Person_290,3231925209.0,Aries,Purple,Photography
REC00291,1,69.6,81.2,24.5,218.9,29.8,0.08,36.9,1989.0,Peru,2019,0,Person_291,3258330361.0,Capricorn,Yellow,Cinema
REC00292,4,101.8,64.1,22.0,37.7,30.61,0.137,32.0,1994.0,Colombia,2403,0,Person_292,3473825675.0,Cancer,Blue,Reading
REC00293,11,142.9,55.7,4.3,98.5,27.25,0.08,27.8,1998.0,Colombia,2426,0,Person_293,3864734653.0,Capricorn,Blue,Cooking
REC00294,9,126.4,76.2,19.8,51.7,,0.205,21.0,2005.0,Colombia,9855,1,Person_294,3271198813.0,Capricorn,Yellow,Music
REC00295,5,146.0,53.3,19.0,89.8,33.44,0.361,21.0,2005.0,Colombia,6868,0,Person_295,3576359643.0,Aquarius,White,Gaming
REC00296,6,91.9,60.9,14.6,115.1,24.76,0.796,21.0,2005.0,Colombia,1010,1,Person_296,3479217626.0,Scorpio,Green,Gaming
REC00297,3,93.7,69.9,30.4,3.7,25.77,0.206,21.0,2005.0,Colombia,7330,1,Person_297,3783118121.0,Taurus,White,Photography
REC00298,6,126.1,96.6,12.1,83.2,41.65,0.611,40.8,1985.0,Colombia,3825,0,Person_298,3124957522.0,Pisces,Black,Hiking
REC00299,10,101.9,,24.6,20.6,29.46,0.104,41.7,1984.0,Colombia,8464,0,Person_299,3984672196.0,Aquarius,Black,Gardening
REC00300,7,159.1,64.5,18.5,88.7,28.14,0.694,22.4,2004.0,Colombia,4003,0,Person_300,3940741049.0,Scorpio,Blue,Hiking
REC00301,10,101.2,78.8,21.1,50.5,22.59,0.135,21.0,2005.0,Colombia,8195,0,Person_301,3380675716.0,Aries,Orange,Cooking
REC00302,0,105.1,55.1,24.1,118.8,37.95,0.08,33.1,1993.0,Colombia,7720,0,Person_302,3739725978.0,Aries,Black,Hiking
REC00303,14,132.6,75.3,6.9,,24.61,0.103,27.9,1998.0,Colombia,4088,0,Person_303,3177030171.0,Cancer,Blue,Photography
REC00304,5,108.3,84.5,21.9,78.7,31.89,0.1,27.6,1998.0,Colombia,2789,0,Person_304,3988859161.0,Libra,Purple,Music
REC00305,7,83.0,66.3,,26.1,20.04,0.36,44.5,1982.0,Colombia,4036,1,Person_305,3361929178.0,Sagittarius,Pink,Music
REC00306,4,87.0,82.3,4.4,153.4,37.73,0.932,34.7,1991.0,Colombia,8377,0,Person_306,3531468915.0,Leo,Pink,Music
REC00307,3,136.1,73.5,,210.9,40.24,0.08,21.3,2005.0,Colombia,8598,0,Person_307,3208592176.0,Taurus,Red,Gaming
REC00308,1,79.2,61.2,31.2,450.1,35.39,0.614,21.0,2005.0,Colombia,5838,0,Person_308,3344383209.0,Pisces,Purple,Travel
REC00309,5,,67.6,23.0,127.2,21.26,0.531,29.8,1996.0,Colombia,6872,0,Person_309,3445502868.0,Libra,Pink,Cooking
REC00310,5,99.3,65.4,26.9,112.1,37.87,1.03,22.1,2004.0,Colombia,4653,1,Person_310,3474435072.0,Aquarius,White,Gardening
REC00311,10,138.5,68.9,0.0,19.4,26.21,0.14,32.1,1994.0,Colombia,5299,0,Person_311,3216513013.0,Taurus,Red,Cooking
REC00312,14,101.1,71.8,26.0,32.8,23.8,0.299,45.3,1981.0,Colombia,1973,0,Person_312,3774906203.0,Sagittarius,Blue,Cooking
REC00313,0,92.5,77.1,12.4,50.1,29.32,1.301,21.0,2005.0,Colombia,8083,1,Person_313,3365036783.0,Sagittarius,Yellow,Hiking
REC00314,8,127.4,76.1,23.1,,29.18,0.539,34.1,1992.0,Colombia,6494,0,Person_314,3685126649.0,Gemini,Yellow,Sports
REC00315,11,151.6,,19.7,197.2,28.46,0.246,44.0,1982.0,Colombia,4406,1,Person_315,3535715662.0,Scorpio,Blue,Cooking
REC00316,10,112.6,68.8,42.8,16.8,40.92,0.08,32.0,1994.0,Colombia,6150,0,Person_316,3884189878.0,Aquarius,Orange,Photography
REC00317,5,118.0,51.9,25.5,,46.08,0.152,41.7,1984.0,Colombia,4129,0,Person_317,3753892688.0,Cancer,Blue,Sports
REC00318,12,,66.7,18.9,95.2,22.42,0.435,29.6,1996.0,Colombia,1104,0,Person_318,3339001299.0,Gemini,Green,Travel
REC00319,2,145.2,68.5,4.9,75.5,27.18,0.633,35.0,1991.0,Colombia,8433,0,Person_319,3718175640.0,Aries,Yellow,Photography
REC00320,3,118.8,81.7,,17.8,33.0,0.08,38.3,1988.0,Colombia,8689,0,Person_320,3468151372.0,Leo,Pink,Cooking
REC00321,11,106.7,69.6,28.2,4.6,29.28,0.458,26.1,2000.0,Colombia,4567,0,Person_321,3464386264.0,Aquarius,Gray,Cinema
REC00322,10,122.5,73.1,19.2,67.2,34.8,0.4,56.9,1969.0,Colombia,5348,1,Person_322,3915768647.0,Cancer,Red,Gaming
REC00323,3,114.3,79.5,14.9,84.3,,0.361,39.9,1986.0,Colombia,5390,0,Person_323,3763943748.0,Aries,Orange,Hiking
REC00324,2,129.4,84.7,14.3,18.9,37.25,0.586,48.6,1977.0,Colombia,7811,0,Person_324,3704506629.0,Capricorn,Black,Reading
REC00325,9,84.2,68.5,25.4,,,0.908,45.9,1980.0,Colombia,2181,0,Person_325,3423730198.0,Scorpio,Purple,Gardening
REC00326,2,128.3,71.1,27.6,155.3,43.61,0.195,36.9,1989.0,Colombia,5644,0,Person_326,3882691827.0,Scorpio,Orange,Gardening
REC00327,14,98.5,70.1,33.6,144.2,20.88,1.099,49.6,1976.0,Colombia,6873,0,Person_327,3511500957.0,Scorpio,Black,Photography
REC00328,2,147.2,,10.1,209.8,42.36,0.088,35.3,1991.0,Colombia,5394,0,Person_328,3720597709.0,Gemini,Orange,Gardening
REC00329,3,99.8,60.8,25.3,36.4,29.11,0.095,24.2,2002.0,Colombia,4534,0,Person_329,3617150773.0,Virgo,Gray,Sports
REC00330,6,100.3,,18.8,,37.5,0.155,33.2,1993.0,Colombia,6844,0,Person_330,3254855766.0,Pisces,Orange,Music
REC00331,3,133.4,57.1,19.1,110.7,24.79,0.08,21.0,2005.0,Colombia,6939,0,Person_331,3096092426.0,Pisces,Pink,Cinema
REC00332,8,120.4,48.7,24.0,,25.64,0.131,21.0,2005.0,Colombia,7475,0,Person_332,3676750750.0,Libra,Blue,Reading
REC00333,0,188.3,85.1,24.1,,36.63,0.08,22.8,2003.0,Colombia,2774,0,Person_333,3031009413.0,Sagittarius,Green,Gardening
REC00334,7,71.1,72.3,25.3,26.6,18.5,0.862,33.9,1992.0,Colombia,9283,0,Person_334,3571743498.0,Leo,Red,Gardening
REC00335,6,400.0,68.5,9.4,43.4,38.93,0.08,45.7,1980.0,Colombia,1446,0,Person_335,3286029132.0,Sagittarius,Yellow,Photography
REC00336,1,,61.4,12.5,,,0.688,22.7,2003.0,Colombia,1108,0,Person_336,3330892286.0,Virgo,Black,Cooking
REC00337,7,,70.4,,32.3,33.24,0.08,45.1,1981.0,Colombia,4239,0,Person_337,3761028363.0,Capricorn,Red,Gaming
REC00338,0,92.7,59.8,17.8,27.8,32.99,1.483,21.0,2005.0,Colombia,6931,0,Person_338,3446760949.0,Capricorn,Orange,Hiking
REC00339,10,93.9,72.1,,3.4,26.16,0.621,22.0,2004.0,Colombia,5053,0,Person_339,3304554548.0,Capricorn,Blue,Hiking
REC00340,11,71.6,72.9,30.5,,36.72,0.08,50.4,1976.0,Colombia,5537,1,Person_340,3980409954.0,Cancer,Red,Hiking
REC00341,8,160.5,59.7,24.6,72.8,34.43,0.722,33.6,1992.0,Colombia,7361,0,Person_341,3139638006.0,Aries,Blue,Hiking
REC00342,8,110.1,59.4,25.5,84.8,25.55,0.361,30.9,1995.0,Colombia,2245,0,Person_342,3533021731.0,Aries,Black,Travel
REC00343,1,106.6,81.5,28.9,17.1,,0.756,35.8,1990.0,Colombia,3720,0,Person_343,3189760912.0,Capricorn,Pink,Reading
REC00344,6,56.3,69.4,0.0,28.0,30.88,0.37,21.0,2005.0,Colombia,9469,0,Person_344,3468455451.0,Leo,Pink,Cooking
REC00345,14,77.0,60.6,15.1,77.3,29.25,0.512,29.0,1997.0,Colombia,8741,1,Person_345,3662978779.0,Gemini,Blue,Gaming
REC00346,13,164.0,,24.7,,22.46,0.772,33.0,1993.0,Colombia,6105,1,Person_346,3195363221.0,Leo,Blue,Gaming
REC00347,9,129.1,57.9,33.9,,36.89,0.26,47.8,1978.0,Colombia,3922,0,Person_347,3004236901.0,Leo,Green,Photography
REC00348,2,155.0,69.2,20.7,34.5,30.3,0.08,21.0,2005.0,Colombia,3513,0,Person_348,3410711814.0,Aries,Purple,Cinema
REC00349,6,151.2,80.0,11.6,195.3,32.11,0.948,54.2,1972.0,Colombia,3801,0,Person_349,3692496095.0,Scorpio,Green,Gardening
REC00350,11,90.0,69.7,11.8,33.2,27.95,0.24,31.5,1994.0,Colombia,7981,0,Person_350,3240871050.0,Leo,Red,Gardening
REC00351,9,192.9,98.4,,48.6,35.33,0.343,21.0,2005.0,Colombia,9221,0,Person_351,3303342359.0,Leo,White,Cooking
REC00352,8,178.5,75.1,,90.7,33.39,0.08,21.0,2005.0,Colombia,7502,0,Person_352,3125693438.0,Sagittarius,Green,Travel
REC00353,3,,72.8,19.9,62.6,40.49,0.339,36.3,1990.0,Colombia,7038,0,Person_353,3549540802.0,Scorpio,Red,Sports
REC00354,11,50.0,,26.2,34.1,35.36,2.152,21.0,2005.0,Colombia,7229,0,Person_354,3506742045.0,Aries,Yellow,Music
REC00355,0,109.3,67.1,0.0,45.8,30.58,0.163,26.3,2000.0,Colombia,1364,0,Person_355,3333426425.0,Gemini,Red,Cooking
REC00356,1,127.1,60.7,40.0,126.6,26.82,0.252,30.0,1996.0,Colombia,2800,0,Person_356,3036868929.0,Pisces,Red,Sports
REC00357,0,103.0,44.0,12.7,26.1,38.06,0.581,46.7,1979.0,Colombia,6958,0,Person_357,3916812092.0,Libra,Blue,Music
REC00358,13,,81.7,22.4,12.3,30.02,0.843,45.2,1981.0,Colombia,8436,1,Person_358,3962952781.0,Aries,Gray,Gaming
REC00359,11,95.1,63.9,3.0,30.1,30.8,0.27,25.3,2001.0,Colombia,5793,0,Person_359,3015365416.0,Aries,Orange,Travel
REC00360,4,147.6,60.9,15.8,151.5,30.8,0.185,30.4,1996.0,Colombia,9160,0,Person_360,3678754641.0,Leo,Blue,Cooking
REC00361,4,121.9,72.5,32.4,7.5,29.19,1.389,21.0,2005.0,Colombia,1179,1,Person_361,3199894322.0,Sagittarius,Blue,Hiking
REC00362,10,148.5,76.1,0.8,383.3,30.92,0.565,21.0,2005.0,Colombia,4873,1,Person_362,3018657630.0,Virgo,Gray,Gaming
REC00363,6,156.7,66.2,,62.3,45.48,0.08,21.0,2005.0,Colombia,4960,0,Person_363,3679715326.0,Capricorn,Gray,Sports
REC00364,8,54.8,,17.3,335.2,24.67,0.08,46.5,1980.0,Colombia,2186,0,Person_364,3624142860.0,Taurus,Orange,Cooking
REC00365,8,96.9,79.0,24.9,223.7,,0.33,42.4,1984.0,Colombia,1773,1,Person_365,3255471449.0,Aquarius,White,Cooking
REC00366,2,101.3,65.7,26.6,48.2,41.69,0.124,37.6,1988.0,Colombia,5460,0,Person_366,3718922219.0,Sagittarius,Yellow,Photography
REC00367,2,197.1,73.6,24.4,17.7,,0.147,21.0,2005.0,Colombia,1352,0,Person_367,3972437387.0,Virgo,Green,Reading
REC00368,2,124.5,,11.4,14.4,28.85,1.051,24.5,2002.0,Colombia,7943,0,Person_368,3204211793.0,Leo,Red,Gaming
REC00369,3,144.4,55.1,16.4,22.0,,0.08,22.7,2003.0,Colombia,6202,0,Person_369,3134260744.0,Leo,Green,Cooking
REC00370,7,63.6,77.3,5.4,99.1,22.06,0.628,31.0,1995.0,Colombia,6344,1,Person_370,3698795504.0,Pisces,Pink,Gardening
REC00371,5,124.3,54.5,24.9,25.5,37.75,0.158,30.3,1996.0,Colombia,5507,0,Person_371,3873750228.0,Gemini,Black,Gardening
REC00372,7,149.3,,37.0,,32.32,0.714,21.0,2005.0,Colombia,5830,0,Person_372,3828081711.0,Virgo,White,Reading
REC00373,0,,,,47.6,35.25,0.641,37.2,1989.0,Colombia,1117,0,Person_373,3229972528.0,Cancer,Black,Cooking
REC00374,7,,65.6,12.4,195.6,35.12,0.08,35.7,1990.0,Colombia,1481,0,Person_374,3598581044.0,Pisces,Red,Hiking
REC00375,3,120.4,60.1,18.2,16.8,27.6,0.356,24.3,2002.0,Colombia,5287,0,Person_375,3898816439.0,Capricorn,Gray,Reading
REC00376,10,121.8,80.9,21.7,0.4,95.0,0.08,36.7,1989.0,Colombia,7802,0,Person_376,3817382951.0,Taurus,Red,Reading
REC00377,0,69.2,90.8,,5.0,,1.006,46.5,1980.0,Colombia,9298,1,Person_377,3137916266.0,Gemini,Yellow,Sports
REC00378,7,93.0,73.6,18.5,188.1,34.86,1.026,50.1,1976.0,Colombia,5477,0,Person_378,3760666903.0,Sagittarius,Green,Sports
REC00379,3,126.9,73.9,16.8,83.4,40.66,0.271,38.9,1987.0,Colombia,7533,0,Person_379,3978724577.0,Aquarius,Orange,Cinema
REC00380,5,98.5,61.8,,25.5,41.65,0.294,38.5,1987.0,Colombia,1243,1,Person_380,3234907591.0,Aquarius,Purple,Gaming
REC00381,7,140.7,55.6,26.6,15.6,30.13,0.181,30.1,1996.0,Colombia,8012,0,Person_381,3959900779.0,Sagittarius,Purple,Music
REC00382,3,134.0,69.5,,27.9,35.24,0.63,45.4,1981.0,Colombia,1865,0,Person_382,3345044212.0,Virgo,Orange,Reading
REC00383,13,161.0,58.3,21.1,9.8,29.48,0.222,21.0,2005.0,Colombia,6329,0,Person_383,3883027198.0,Capricorn,Gray,Sports
REC00384,2,148.7,48.7,,,,0.156,44.0,1982.0,Colombia,1603,1,Person_384,3172513312.0,Capricorn,Purple,Travel
REC00385,13,126.8,79.6,13.4,122.7,37.46,0.283,29.5,1996.0,Colombia,6756,0,Person_385,3819520534.0,Sagittarius,Gray,Cinema
REC00386,8,142.4,,,49.6,,0.08,50.9,1975.0,Colombia,5018,1,Person_386,3741993292.0,Cancer,Blue,Cooking
REC00387,2,150.2,59.7,27.5,160.2,34.19,0.686,40.1,1986.0,Colombia,6192,0,Person_387,3226953781.0,Aquarius,Yellow,Gaming
REC00388,8,104.8,72.9,3.7,23.0,34.85,0.08,32.2,1994.0,Colombia,3015,0,Person_388,3216960820.0,Leo,White,Cooking
REC00389,12,110.1,82.0,20.9,101.0,35.06,0.517,30.2,1996.0,Colombia,4380,1,Person_389,3013938736.0,Capricorn,Green,Cinema
REC00390,1,117.1,,16.8,155.1,30.32,0.101,39.3,1987.0,Colombia,4770,0,Person_390,3016310733.0,Virgo,Green,Photography
REC00391,13,105.7,55.7,,35.3,29.24,0.132,38.7,1987.0,Colombia,6829,0,Person_391,3883137101.0,Sagittarius,White,Gardening
REC00392,1,150.5,67.2,10.7,113.3,30.94,0.505,28.2,1998.0,Colombia,2613,1,Person_392,3740790607.0,Leo,Red,Gaming
REC00393,1,101.2,85.9,,28.0,24.02,2.477,34.1,1992.0,Colombia,2879,0,Person_393,3122970032.0,Scorpio,Red,Gardening
REC00394,5,157.5,73.0,30.3,28.4,37.03,0.752,43.8,1982.0,Colombia,6372,1,Person_394,3156976485.0,Aquarius,Black,Travel
REC00395,2,109.0,76.5,,9.1,26.39,0.128,21.0,2005.0,Colombia,5108,0,Person_395,3857826425.0,Aries,Red,Cooking
REC00396,12,134.2,74.1,32.1,46.4,24.58,0.097,41.7,1984.0,Colombia,9978,0,Person_396,3961547707.0,Leo,Gray,Photography
REC00397,8,125.0,59.7,20.6,104.7,,1.006,39.3,1987.0,Colombia,1148,0,Person_397,3256089689.0,Capricorn,Orange,Travel
REC00398,3,90.7,62.5,33.1,225.4,31.09,0.294,47.2,1979.0,Colombia,2754,0,Person_398,3704665945.0,Aries,Blue,Music
REC00399,0,,74.1,14.0,74.1,33.75,0.08,24.4,2002.0,Colombia,8378,0,Person_399,3268247232.0,Capricorn,White,Cooking
REC00400,3,130.0,79.8,19.5,159.1,,0.991,33.1,1993.0,Colombia,7681,0,Person_400,3999568799.0,Virgo,Gray,Cinema
REC00401,0,118.1,83.2,23.7,138.3,,0.847,35.5,1991.0,Colombia,4756,0,Person_401,3217707896.0,Libra,Gray,Photography
REC00402,13,79.7,59.7,18.2,15.2,36.84,2.065,41.9,1984.0,Colombia,6392,0,Person_402,3217940723.0,Pisces,Black,Gaming
REC00403,4,171.0,75.2,29.5,53.2,36.42,1.203,38.1,1988.0,Colombia,4052,0,Person_403,3525985428.0,Leo,Gray,Photography
REC00404,3,122.6,84.2,0.0,9.9,36.13,0.955,21.0,2005.0,Colombia,6692,0,Person_404,3172194961.0,Aries,Yellow,Cooking
REC00405,7,96.2,58.2,44.2,91.7,32.24,0.08,36.5,1990.0,Colombia,5218,1,Person_405,3910805469.0,Virgo,Red,Sports
REC00406,7,168.6,87.8,28.6,239.5,33.18,0.08,57.1,1969.0,Colombia,5803,0,Person_406,3487244603.0,Capricorn,Green,Travel
REC00407,6,138.5,89.7,18.3,11.8,33.61,0.421,40.3,1986.0,Colombia,3377,0,Person_407,3343434105.0,Leo,Yellow,Photography
REC00408,2,84.0,101.5,14.5,105.9,27.41,0.379,52.7,1973.0,Colombia,6086,0,Person_408,3445829772.0,Virgo,Blue,Gardening
REC00409,0,88.7,72.8,11.3,80.0,42.32,0.306,45.5,1980.0,Colombia,4182,0,Person_409,3382265751.0,Aquarius,Blue,Travel
REC00410,0,113.3,72.8,26.5,70.1,41.32,0.253,49.3,1977.0,Colombia,4160,0,Person_410,3359123229.0,Capricorn,Blue,Gardening
REC00411,11,128.9,79.9,29.9,39.6,37.56,0.282,36.7,1989.0,Colombia,7576,0,Person_411,3833189761.0,Libra,Red,Photography
REC00412,10,,79.6,18.4,,29.02,0.421,39.3,1987.0,Colombia,9903,0,Person_412,3162943826.0,Libra,Gray,Sports
REC00413,2,,83.5,31.1,3.7,35.77,0.08,36.1,1990.0,Colombia,3586,0,Person_413,3714743918.0,Taurus,Blue,Travel
REC00414,5,136.2,79.4,10.9,19.7,38.85,0.151,33.1,1993.0,Colombia,3648,0,Person_414,3631190123.0,Pisces,White,Cinema
REC00415,6,,68.7,9.2,1.2,,0.365,41.9,1984.0,Colombia,8313,0,Person_415,3156196718.0,Gemini,Green,Travel
REC00416,5,123.8,84.7,38.1,69.7,,0.64,26.7,1999.0,Colombia,2717,1,Person_416,3717595416.0,Pisces,Gray,Gaming
REC00417,13,97.2,57.1,,9.0,19.82,0.096,55.6,1970.0,Colombia,6308,0,Person_417,3000243761.0,Virgo,Black,Photography
REC00418,13,119.9,70.1,,165.1,36.93,0.396,21.9,2004.0,Colombia,8407,0,Person_418,3717468805.0,Gemini,Red,Music
REC00419,5,117.9,88.8,,59.2,42.17,0.627,42.7,1983.0,Colombia,1870,0,Person_419,3131084875.0,Taurus,Orange,Cooking
REC00420,5,50.0,55.0,10.8,96.2,31.21,0.294,49.5,1976.0,Colombia,4574,0,Person_420,3431516243.0,Cancer,Yellow,Reading
REC00421,12,103.2,61.9,16.4,42.3,30.95,0.08,30.9,1995.0,Colombia,6827,0,Person_421,3158109014.0,Leo,Pink,Hiking
REC00422,2,129.4,78.1,11.8,65.8,,0.298,21.0,2005.0,Colombia,8986,0,Person_422,3467352221.0,Aquarius,Yellow,Music
REC00423,5,107.3,74.7,27.1,228.7,44.96,0.176,46.9,1979.0,Colombia,9462,0,Person_423,3654746909.0,Capricorn,Blue,Gardening
REC00424,7,100.6,59.5,12.5,6.9,30.03,1.327,35.4,1991.0,Colombia,9741,0,Person_424,3543504293.0,Sagittarius,Green,Cinema
REC00425,10,147.3,65.0,8.3,23.4,26.53,0.08,42.8,1983.0,Colombia,6769,0,Person_425,3281942621.0,Gemini,Black,Cinema
REC00426,10,92.5,55.8,21.4,121.1,29.03,0.528,31.7,1994.0,Colombia,6733,0,Person_426,3938508584.0,Gemini,Gray,Hiking
REC00427,1,141.3,81.8,7.1,8.3,21.13,0.08,53.8,1972.0,Colombia,4240,1,Person_427,3610149981.0,Virgo,White,Sports
REC00428,4,80.0,66.9,2.0,6.3,38.28,0.295,21.0,2005.0,Colombia,5893,0,Person_428,3882491960.0,Leo,Purple,Gaming
REC00429,13,200.0,91.5,,35.9,28.4,0.404,37.5,1988.0,Colombia,1886,0,Person_429,3879591417.0,Virgo,Yellow,Cooking
REC00430,0,113.5,,2.5,7.7,30.54,0.177,49.1,1977.0,Colombia,6854,0,Person_430,3341546147.0,Libra,Purple,Music
REC00431,11,110.3,67.4,27.8,70.4,38.37,0.304,34.3,1992.0,Colombia,6318,0,Person_431,3666055487.0,Aquarius,Gray,Reading
REC00432,14,154.3,66.2,6.0,20.5,29.36,0.089,36.6,1989.0,Colombia,3258,1,Person_432,3966663664.0,Gemini,Green,Travel
REC00433,0,107.4,67.1,,180.8,,0.181,27.8,1998.0,Colombia,5382,0,Person_433,3792883809.0,Leo,Purple,Hiking
REC00434,4,163.6,71.3,17.1,122.4,,0.485,33.2,1993.0,Colombia,2785,1,Person_434,3530313231.0,Scorpio,Yellow,Sports
REC00435,11,131.1,100.1,21.4,,,0.18,21.0,2005.0,Colombia,8727,0,Person_435,3975600717.0,Cancer,Orange,Cinema
REC00436,12,116.4,65.9,24.9,76.8,34.39,1.15,24.4,2002.0,Colombia,1295,0,Person_436,3762025305.0,Capricorn,Pink,Reading
REC00437,2,113.2,66.3,21.7,159.3,31.38,0.495,23.6,2002.0,Colombia,3597,0,Person_437,3034496583.0,Taurus,Purple,Cinema
REC00438,3,156.2,70.8,9.4,20.2,32.92,0.289,41.0,1985.0,Colombia,1680,0,Person_438,3090157325.0,Cancer,Orange,Photography
REC00439,2,126.9,83.1,27.1,165.2,22.99,0.08,26.1,2000.0,Colombia,5890,1,Person_439,3134693743.0,Taurus,Orange,Hiking
REC00440,0,133.0,52.9,29.6,124.7,32.76,0.346,26.5,2000.0,Colombia,5298,0,Person_440,3336420931.0,Gemini,Blue,Sports
REC00441,0,136.2,75.5,,,31.01,0.724,28.5,1998.0,Colombia,1324,0,Person_441,3864363712.0,Cancer,Pink,Travel
REC00442,11,124.0,60.2,18.2,65.9,23.18,0.154,24.0,2002.0,Colombia,8952,0,Person_442,3812735542.0,Cancer,White,Gardening
REC00443,11,135.6,76.6,17.3,22.6,27.3,0.822,36.2,1990.0,Colombia,1986,0,Person_443,3148925395.0,Capricorn,Yellow,Sports
REC00444,13,116.5,64.1,22.2,44.1,31.1,0.145,37.5,1988.0,Colombia,4118,1,Person_444,3459060602.0,Sagittarius,Black,Cooking
REC00445,12,118.5,42.4,18.0,126.2,27.75,0.868,42.9,1983.0,Colombia,1760,1,Person_445,3065082317.0,Capricorn,Gray,Travel
REC00446,13,86.4,74.4,19.3,2.6,15.12,0.08,40.8,1985.0,Colombia,8758,0,Person_446,3305417383.0,Virgo,Black,Music
REC00447,4,128.9,74.3,26.4,121.9,39.53,1.006,39.6,1986.0,Colombia,1906,0,Person_447,3946384280.0,Sagittarius,Purple,Sports
REC00448,5,68.4,63.1,,,31.01,0.346,29.1,1997.0,Colombia,6499,1,Person_448,3796738043.0,Cancer,Pink,Travel
REC00449,2,128.5,,27.4,12.5,16.08,0.176,28.3,1998.0,Colombia,1364,0,Person_449,3289283608.0,Sagittarius,Purple,Music
REC00450,11,111.6,,,9.8,46.94,0.154,22.5,2003.0,Colombia,8769,0,Person_450,3310734466.0,Aquarius,Pink,Sports
REC00451,8,131.2,79.3,36.3,2.2,,0.283,22.3,2004.0,Colombia,4413,1,Person_451,3526674756.0,Sagittarius,Yellow,Reading
REC00452,4,88.5,80.6,0.0,59.3,,2.5,35.3,1991.0,Colombia,9027,0,Person_452,3155403365.0,Virgo,Gray,Gardening
REC00453,7,56.4,59.5,18.2,19.7,26.1,0.124,24.4,2002.0,Colombia,8939,0,Person_453,3656098165.0,Leo,Gray,Reading
REC00454,12,109.5,63.5,0.3,364.0,34.82,0.08,50.6,1975.0,Colombia,4081,0,Person_454,3545245977.0,Gemini,Yellow,Cooking
REC00455,0,88.6,,0.0,68.3,33.42,0.44,32.5,1993.0,Colombia,6448,0,Person_455,3083304231.0,Leo,White,Travel
REC00456,13,66.6,97.3,21.4,11.9,,0.335,51.0,1975.0,Colombia,4258,0,Person_456,3431075109.0,Gemini,Orange,Music
REC00457,4,143.0,,16.0,93.4,26.12,0.371,39.9,1986.0,Colombia,3107,0,Person_457,3673061285.0,Leo,Pink,Photography
REC00458,14,,58.7,23.0,182.4,39.68,0.55,23.7,2002.0,Colombia,8928,0,Person_458,3574576579.0,Leo,Red,Sports
REC00459,2,96.1,73.6,24.9,109.4,28.69,0.155,32.3,1994.0,Colombia,3933,0,Person_459,3558909917.0,Taurus,Red,Photography
REC00460,11,117.7,53.5,32.5,,36.77,1.208,21.0,2005.0,Colombia,3829,0,Person_460,3427041693.0,Sagittarius,Orange,Sports
REC00461,0,,78.6,20.5,181.0,26.42,0.286,35.3,1991.0,Colombia,9633,0,Person_461,3591646839.0,Libra,Purple,Cooking
REC00462,3,100.2,90.1,49.2,,50.54,0.08,24.8,2001.0,Colombia,6006,0,Person_462,3247269266.0,Virgo,Pink,Photography
REC00463,14,,90.2,23.1,13.8,36.87,0.678,21.0,2005.0,Colombia,2559,0,Person_463,3891907814.0,Leo,Green,Music
REC00464,12,150.3,78.8,38.4,4.3,52.19,0.515,51.3,1975.0,Colombia,2741,0,Person_464,3117878050.0,Cancer,Gray,Gaming
REC00465,4,93.9,63.0,0.0,65.2,,0.19,45.4,1981.0,Colombia,6830,0,Person_465,3505541095.0,Scorpio,Black,Reading
REC00466,6,121.3,54.4,33.5,13.6,28.07,0.486,45.0,1981.0,Colombia,8523,0,Person_466,3571575456.0,Taurus,Green,Music
REC00467,0,158.5,53.2,18.2,143.9,37.81,0.124,42.4,1984.0,Colombia,1625,0,Person_467,3009195168.0,Scorpio,Black,Cinema
REC00468,2,140.7,40.0,0.5,35.5,38.3,0.294,21.0,2005.0,Colombia,2690,0,Person_468,3345233485.0,Aries,Gray,Hiking
REC00469,1,145.1,78.3,24.2,195.2,34.61,1.148,28.2,1998.0,Colombia,9282,0,Person_469,3559381541.0,Capricorn,Red,Cooking
REC00470,8,161.0,68.8,17.0,,36.41,0.08,28.9,1997.0,Colombia,7310,0,Person_470,3850726281.0,Aries,Yellow,Gardening
REC00471,9,160.6,,25.8,16.1,37.33,0.244,21.0,2005.0,Colombia,4006,0,Person_471,3294388152.0,Gemini,White,Sports
REC00472,14,150.9,87.1,30.1,12.0,25.04,0.861,26.3,2000.0,Colombia,5302,0,Person_472,3413068827.0,Leo,Blue,Music
REC00473,5,124.3,71.2,5.1,68.7,,1.745,26.4,2000.0,Colombia,2088,0,Person_473,3499302861.0,Virgo,Purple,Photography
REC00474,9,108.5,71.8,30.1,114.8,26.44,0.303,34.5,1991.0,Colombia,7007,0,Person_474,3379183715.0,Cancer,Orange,Hiking
REC00475,2,123.1,64.4,20.1,121.7,32.89,0.354,63.4,1963.0,Colombia,5611,0,Person_475,3436147493.0,Libra,Red,Gaming
REC00476,7,104.0,65.8,33.5,25.8,30.44,0.425,32.7,1993.0,Colombia,8928,0,Person_476,3249441679.0,Libra,Yellow,Cinema
REC00477,13,61.4,,17.9,18.3,25.17,1.347,34.5,1991.0,Colombia,5490,0,Person_477,3456627835.0,Taurus,Yellow,Photography
REC00478,7,111.6,67.9,15.3,1.4,37.43,0.977,30.0,1996.0,Colombia,9378,0,Person_478,3534746004.0,Taurus,Black,Reading
REC00479,1,130.7,66.2,20.3,,33.98,0.094,41.9,1984.0,Colombia,2597,1,Person_479,3494029915.0,Taurus,Yellow,Gaming
REC00480,14,102.4,69.8,21.0,6.4,33.18,0.287,21.0,2005.0,Colombia,4747,1,Person_480,3947470078.0,Taurus,Pink,Hiking
REC00481,5,114.2,80.6,,43.7,30.19,0.312,55.8,1970.0,Colombia,3670,0,Person_481,3663460448.0,Sagittarius,Purple,Travel
REC00482,6,115.4,61.7,15.0,73.6,29.35,0.778,31.5,1994.0,Colombia,9431,0,Person_482,3235929605.0,Leo,Blue,Travel
REC00483,1,160.7,69.2,7.7,221.3,26.11,0.462,28.3,1998.0,Colombia,3580,1,Person_483,3013865640.0,Aquarius,Red,Hiking
REC00484,14,109.2,72.9,15.7,29.9,38.54,0.531,44.6,1981.0,Colombia,8432,0,Person_484,3785652606.0,Scorpio,Pink,Travel
REC00485,10,160.7,83.9,26.8,23.0,27.08,2.5,22.3,2004.0,Colombia,9330,0,Person_485,3922491150.0,Leo,Red,Cooking
REC00486,9,50.0,67.1,18.6,84.9,33.47,0.08,41.6,1984.0,Colombia,3506,0,Person_486,3563566187.0,Aquarius,White,Music
REC00487,1,160.4,61.4,30.1,77.2,43.63,0.126,49.9,1976.0,Colombia,5725,0,Person_487,3393030442.0,Leo,Blue,Sports
REC00488,9,,,,32.3,29.67,0.262,30.1,1996.0,Colombia,5300,0,Person_488,3571228258.0,Aries,Yellow,Music
REC00489,0,147.1,82.6,5.7,210.6,38.72,0.214,57.6,1968.0,Colombia,9759,0,Person_489,3766214669.0,Virgo,White,Cinema
REC00490,7,59.6,94.4,,,35.98,0.08,40.7,1985.0,Colombia,8002,1,Person_490,3227743937.0,Cancer,Black,Music
REC00491,0,150.6,54.2,13.3,20.3,34.18,0.08,40.9,1985.0,Colombia,7131,0,Person_491,3056132764.0,Gemini,White,Music
REC00492,8,,56.9,17.7,21.9,,0.571,49.4,1977.0,Colombia,9831,0,Person_492,3274949785.0,Virgo,Green,Reading
REC00493,10,50.0,68.0,32.4,57.4,31.34,1.057,52.6,1973.0,Colombia,5537,0,Person_493,3195257458.0,Taurus,Black,Sports
REC00494,5,158.9,71.3,,118.8,32.24,0.361,36.1,1990.0,Colombia,3335,0,Person_494,3115364235.0,Scorpio,Blue,Music
REC00495,6,,79.4,21.6,3.6,28.16,0.387,42.6,1983.0,Colombia,5321,0,Person_495,3213136129.0,Aries,Purple,Sports
REC00496,12,62.9,59.3,19.6,94.6,32.29,0.147,49.8,1976.0,Colombia,3985,0,Person_496,3165707408.0,Pisces,Green,Gardening
REC00497,9,125.3,57.2,27.0,83.6,,0.73,21.0,2005.0,Colombia,1559,0,Person_497,3451352354.0,Sagittarius,Red,Travel
REC00498,6,161.7,71.7,28.6,,39.04,0.697,21.0,2005.0,Colombia,1713,1,Person_498,3893455359.0,Scorpio,Orange,Photography
REC00499,9,156.9,66.9,,91.5,,0.444,32.3,1994.0,Colombia,5593,0,Person_499,3679302665.0,Aries,Orange,Reading
REC00500,2,145.1,81.1,16.4,,35.37,0.12,21.0,2005.0,Colombia,4988,0,Person_500,3018115439.0,Capricorn,Green,Travel
REC00501,1,50.0,75.8,24.7,3.8,34.36,0.08,29.2,1997.0,Colombia,7203,1,Person_501,3792091861.0,Pisces,Purple,Sports
REC00502,8,141.9,76.7,33.4,30.8,33.72,0.08,36.8,1989.0,Colombia,1256,0,Person_502,3481397480.0,Sagittarius,Pink,Travel
REC00503,7,113.5,,19.7,46.1,,0.449,29.7,1996.0,Colombia,9768,0,Person_503,3414175914.0,Taurus,Orange,Music
REC00504,12,149.9,98.3,17.3,,30.0,0.872,31.3,1995.0,Colombia,1037,0,Person_504,3616085012.0,Gemini,Green,Photography
REC00505,11,127.7,59.9,23.9,262.2,95.0,0.977,21.0,2005.0,Colombia,9652,0,Person_505,3082673678.0,Taurus,Blue,Music
REC00506,9,119.4,77.3,20.4,47.0,19.98,0.311,42.5,1984.0,Colombia,2832,1,Person_506,3833879458.0,Scorpio,Gray,Cinema
REC00507,6,139.2,54.8,6.6,110.9,29.09,0.767,21.0,2005.0,Colombia,8600,0,Person_507,3323045743.0,Taurus,Purple,Music
REC00508,8,114.8,57.1,22.4,60.7,,1.468,21.0,2005.0,Colombia,6167,0,Person_508,3560302717.0,Capricorn,Purple,Photography
REC00509,3,119.3,62.7,6.5,61.7,22.63,0.161,30.5,1995.0,Colombia,1432,1,Person_509,3612985684.0,Taurus,Pink,Gaming
REC00510,12,103.3,89.6,23.7,26.1,33.12,0.254,44.0,1982.0,Colombia,5151,0,Person_510,3968965972.0,Aries,Black,Gardening
REC00511,3,71.8,73.2,12.0,,27.26,1.34,34.0,1992.0,Chile,7411,0,Person_511,3255730900.0,Libra,Yellow,Sports
REC00512,0,137.0,62.9,20.4,27.2,31.22,0.206,21.0,2005.0,Colombia,2751,1,Person_512,3508197563.0,Pisces,Orange,Gardening
REC00513,7,95.8,74.5,23.9,65.0,27.68,1.226,34.2,1992.0,Colombia,5997,1,Person_513,3296812203.0,Taurus,Yellow,Cinema
REC00514,13,114.0,70.4,,,23.27,1.983,38.3,1988.0,Colombia,6720,0,Person_514,3615194591.0,Capricorn,Yellow,Gardening
REC00515,13,128.6,64.1,27.4,190.2,34.7,0.542,34.1,1992.0,Colombia,8616,1,Person_515,3585732100.0,Leo,Blue,Travel
REC00516,11,57.4,,33.6,,31.65,0.849,29.8,1996.0,Colombia,1256,1,Person_516,3179043528.0,Leo,Red,Hiking
REC00517,2,64.2,87.3,38.7,19.9,36.29,0.692,38.8,1987.0,Colombia,1671,1,Person_517,3254875508.0,Gemini,Yellow,Reading
REC00518,6,111.0,72.5,24.9,58.4,37.56,0.601,21.0,2005.0,Colombia,1489,1,Person_518,3628790673.0,Gemini,Purple,Photography
REC00519,14,133.6,96.1,22.9,99.1,40.58,0.183,22.3,2004.0,Mexico,7889,1,Person_519,3947203220.0,Pisces,Pink,Reading
REC00520,11,142.3,81.3,9.3,8.1,32.93,0.08,21.0,2005.0,Colombia,3096,1,Person_520,3194831943.0,Gemini,Pink,Photography
REC00521,1,72.3,76.6,18.8,30.6,40.88,0.21,49.2,1977.0,Colombia,2682,0,Person_521,3854601195.0,Virgo,Gray,Sports
REC00522,1,139.1,64.8,12.8,277.1,25.17,0.55,41.5,1984.0,Colombia,3460,0,Person_522,3219929587.0,Cancer,Red,Gardening
REC00523,6,112.6,56.9,16.0,24.3,,0.08,35.2,1991.0,Colombia,5529,0,Person_523,3418761953.0,Gemini,Black,Sports
REC00524,14,93.5,67.4,38.7,30.0,35.22,0.08,21.0,2005.0,Colombia,6121,1,Person_524,3356650802.0,Taurus,Purple,Music
REC00525,5,100.5,56.5,21.1,144.9,,0.08,41.9,1984.0,Colombia,2975,0,Person_525,3022900904.0,Gemini,Purple,Music
REC00526,2,144.1,77.8,11.2,4.1,35.11,0.629,49.6,1976.0,Colombia,4216,0,Person_526,3644082424.0,Cancer,Gray,Reading
REC00527,8,128.2,89.6,33.7,50.0,,1.802,39.9,1986.0,Colombia,5515,0,Person_527,3634405655.0,Virgo,White,Cooking
REC00528,9,,66.9,,38.2,23.62,2.039,32.6,1993.0,Colombia,6692,1,Person_528,3744432615.0,Cancer,Gray,Cooking
REC00529,14,127.3,81.3,30.1,30.5,43.97,0.341,40.6,1985.0,Colombia,5939,0,Person_529,3011337879.0,Scorpio,Yellow,Hiking
REC00530,13,147.8,61.7,,26.9,30.82,1.018,36.3,1990.0,Colombia,6563,0,Person_530,3541936631.0,Gemini,Green,Cooking
REC00531,12,117.1,66.4,39.5,7.7,30.72,0.667,44.1,1982.0,Colombia,3963,0,Person_531,3158036471.0,Pisces,Pink,Cinema
REC00532,5,121.6,,14.4,30.2,24.28,0.348,43.8,1982.0,Colombia,5529,0,Person_532,3737828576.0,Gemini,Gray,Travel
REC00533,9,154.1,44.4,27.8,3.5,21.63,0.425,30.3,1996.0,Colombia,7786,0,Person_533,3941667877.0,Gemini,Yellow,Travel
REC00534,9,110.1,,45.2,121.5,31.38,0.08,25.1,2001.0,Colombia,7200,0,Person_534,3123324459.0,Scorpio,Orange,Music
REC00535,5,138.5,71.5,,40.6,29.61,1.388,28.2,1998.0,Colombia,1976,0,Person_535,3466795192.0,Cancer,Red,Cooking
REC00536,0,104.9,82.8,10.2,46.9,32.01,0.217,39.4,1987.0,Colombia,8345,0,Person_536,3682267127.0,Aries,Purple,Hiking
REC00537,3,107.5,79.5,5.6,,32.61,0.295,28.9,1997.0,Colombia,1045,1,Person_537,3641675250.0,Taurus,White,Photography
REC00538,9,116.9,79.7,34.3,85.8,49.43,0.557,24.0,2002.0,Colombia,2193,1,Person_538,3840380346.0,Capricorn,Red,Music
REC00539,5,135.5,58.3,21.4,,29.63,0.203,33.0,1993.0,Colombia,5512,1,Person_539,3622812400.0,Taurus,Yellow,Sports
REC00540,14,155.8,75.5,15.0,229.4,43.06,0.147,46.3,1980.0,Colombia,5943,0,Person_540,3957680545.0,Gemini,Black,Cooking
REC00541,5,122.9,89.0,,21.7,43.49,0.499,34.6,1991.0,Colombia,7282,0,Person_541,3624509770.0,Virgo,Orange,Music
REC00542,10,75.0,74.6,18.4,9.1,37.28,0.08,29.7,1996.0,Colombia,1246,1,Person_542,3657617246.0,Scorpio,Yellow,Cooking
REC00543,11,,91.9,27.0,116.9,30.35,0.638,36.8,1989.0,Colombia,4219,0,Person_543,3291180241.0,Pisces,Green,Cinema
REC00544,4,193.6,94.2,20.7,,22.47,0.361,34.0,1992.0,Colombia,9983,0,Person_544,3082765846.0,Aries,Blue,Hiking
REC00545,0,,,27.2,45.5,35.35,0.465,21.0,2005.0,Colombia,1636,1,Person_545,3291374715.0,Sagittarius,Yellow,Reading
REC00546,7,68.7,61.6,11.1,23.0,39.13,0.5,41.4,1985.0,Colombia,4775,0,Person_546,3389079637.0,Aries,Gray,Gaming
REC00547,4,125.1,60.9,,63.4,44.23,0.374,37.9,1988.0,Colombia,3421,0,Person_547,3180261930.0,Capricorn,Yellow,Hiking
REC00548,11,119.9,51.8,,25.7,25.35,0.437,33.2,1993.0,Colombia,5183,0,Person_548,3473213393.0,Taurus,Gray,Cooking
REC00549,11,117.4,63.8,26.5,185.5,30.3,0.576,45.7,1980.0,Colombia,1712,0,Person_549,3759164967.0,Gemini,Black,Sports
REC00550,11,148.4,84.5,,19.4,25.39,0.699,47.6,1978.0,Colombia,6845,0,Person_550,3661313838.0,Libra,Purple,Sports
REC00551,4,161.3,43.6,37.0,,,0.65,42.6,1983.0,Colombia,6323,0,Person_551,3493895336.0,Sagittarius,Pink,Reading
REC00552,6,140.5,57.6,19.9,65.6,36.65,1.019,22.8,2003.0,Colombia,7032,0,Person_552,3187764910.0,Gemini,Blue,Gardening
REC00553,3,116.0,68.5,27.3,141.0,27.24,0.105,23.2,2003.0,Colombia,4644,0,Person_553,3270152678.0,Scorpio,Black,Sports
REC00554,5,153.8,59.5,16.8,99.8,26.23,0.256,46.4,1980.0,Colombia,8773,0,Person_554,3151195155.0,Sagittarius,Gray,Music
REC00555,12,,63.7,22.6,95.4,37.58,1.476,21.0,2005.0,Colombia,3108,0,Person_555,3860468684.0,Capricorn,Pink,Sports
REC00556,3,,63.9,23.0,,35.16,0.253,31.2,1995.0,Colombia,4614,0,Person_556,3311051456.0,Libra,Green,Gaming
REC00557,13,101.9,66.9,0.0,21.3,34.45,0.08,38.3,1988.0,Colombia,7957,0,Person_557,3166070515.0,Cancer,Red,Reading
REC00558,14,119.1,61.2,25.8,18.9,27.43,0.373,21.0,2005.0,Colombia,6279,0,Person_558,3194392899.0,Cancer,Blue,Music
REC00559,2,135.2,,39.7,,41.05,0.08,35.8,1990.0,Colombia,5332,0,Person_559,3807401751.0,Cancer,White,Cooking
REC00560,6,114.0,81.2,,137.4,,0.113,44.5,1982.0,Colombia,4900,0,Person_560,3831262435.0,Virgo,Black,Hiking
REC00561,7,92.8,82.6,10.4,46.5,48.66,2.5,21.0,2005.0,Colombia,8939,1,Person_561,3325006371.0,Cancer,Red,Reading
REC00562,3,149.2,,26.5,11.4,33.13,0.39,52.9,1973.0,Colombia,7963,0,Person_562,3231242284.0,Leo,Red,Gaming
REC00563,12,112.9,40.0,30.6,38.5,15.67,0.167,21.0,2005.0,Colombia,5568,0,Person_563,3849531777.0,Sagittarius,Yellow,Travel
REC00564,1,123.1,82.8,25.1,77.3,2.0,2.5,39.9,1986.0,Colombia,8838,0,Person_564,3570340891.0,Pisces,Yellow,Gaming
REC00565,11,136.5,55.3,19.3,48.5,36.37,1.699,32.0,1994.0,Chile,2845,0,Person_565,3353189017.0,Libra,White,Photography
REC00566,9,121.2,72.6,17.6,121.2,41.1,0.291,33.8,1992.0,Colombia,1382,0,Person_566,3675484694.0,Scorpio,White,Photography
REC00567,13,121.3,51.2,17.5,483.3,26.51,0.151,21.0,2005.0,Colombia,5112,0,Person_567,3722688718.0,Leo,Gray,Travel
REC00568,2,150.9,85.6,,17.0,46.71,0.911,48.1,1978.0,Colombia,8069,0,Person_568,3613114787.0,Leo,White,Cinema
REC00569,0,,100.5,,49.2,43.64,0.629,36.9,1989.0,Colombia,4810,0,Person_569,3254699610.0,Aquarius,Red,Sports
REC00570,7,145.9,72.2,16.3,45.1,,0.581,52.5,1974.0,Colombia,2509,0,Person_570,3155900293.0,Libra,Gray,Hiking
REC00571,14,136.3,68.9,36.0,,35.78,1.118,21.0,2005.0,Colombia,8573,0,Person_571,3804925346.0,Aquarius,Pink,Gardening
REC00572,2,180.5,,36.3,17.7,38.26,0.585,30.8,1995.0,Colombia,2578,0,Person_572,3106241382.0,Pisces,Purple,Gardening
REC00573,11,132.3,79.4,5.2,5.4,45.23,0.167,35.5,1990.0,Colombia,1879,0,Person_573,3851376677.0,Scorpio,Purple,Hiking
REC00574,9,139.1,76.8,8.7,,36.77,0.592,33.7,1992.0,Colombia,3162,0,Person_574,3986860450.0,Sagittarius,Purple,Gaming
REC00575,6,153.0,82.0,17.3,43.6,33.32,0.183,41.0,1985.0,Colombia,8714,0,Person_575,3433902819.0,Taurus,Blue,Travel
REC00576,9,121.9,62.5,28.9,55.0,36.71,0.712,30.7,1995.0,Colombia,2359,1,Person_576,3332330333.0,Gemini,Blue,Travel
REC00577,4,100.9,74.1,1.7,199.1,35.76,0.483,58.5,1968.0,Colombia,5431,0,Person_577,3881635124.0,Pisces,White,Cooking
REC00578,9,105.8,,19.5,119.8,38.47,0.08,33.5,1993.0,Colombia,9148,1,Person_578,3132906984.0,Pisces,Purple,Reading
REC00579,4,106.1,57.3,15.3,11.2,21.01,0.36,21.0,2005.0,Colombia,4960,0,Person_579,3184278781.0,Taurus,Green,Music
REC00580,13,91.5,69.5,33.3,66.7,34.21,0.21,34.0,1992.0,Colombia,4811,0,Person_580,3388477989.0,Capricorn,Yellow,Photography
REC00581,6,129.5,58.9,3.2,46.7,35.22,0.199,48.1,1978.0,Colombia,5242,0,Person_581,3412793564.0,Libra,Green,Gardening
REC00582,14,101.1,84.1,20.9,127.6,31.49,0.461,21.9,2004.0,Colombia,5217,0,Person_582,3316150259.0,Pisces,Purple,Sports
REC00583,8,125.8,59.7,16.1,103.1,37.49,0.195,21.2,2005.0,Colombia,1080,0,Person_583,3380779562.0,Taurus,Purple,Music
REC00584,11,115.2,74.4,34.7,93.8,45.45,0.75,22.9,2003.0,Colombia,3732,0,Person_584,3416279398.0,Pisces,Yellow,Gaming
REC00585,4,118.8,62.8,26.0,33.3,,0.08,21.0,2005.0,Colombia,8833,1,Person_585,3444857969.0,Taurus,Purple,Cooking
REC00586,0,136.7,73.3,14.1,130.8,2.0,0.54,250.0,1999.0,Colombia,3709,0,Person_586,3542834435.0,Taurus,Black,Music
REC00587,9,103.7,63.7,28.5,4.3,43.24,0.828,43.9,1982.0,Colombia,3422,0,Person_587,3376793604.0,Pisces,Red,Cooking
REC00588,9,139.2,54.9,16.1,13.9,33.13,0.559,51.3,1975.0,Colombia,4641,1,Person_588,3200235075.0,Cancer,Gray,Gardening
REC00589,0,167.0,75.8,30.0,32.7,25.78,0.344,21.0,2005.0,Colombia,1667,0,Person_589,3656058083.0,Aries,Yellow,Gardening
REC00590,14,,67.2,17.6,6.4,36.31,1.501,28.5,1998.0,Colombia,3496,0,Person_590,3598919290.0,Taurus,Purple,Sports
REC00591,1,96.5,73.4,30.5,21.4,16.59,0.178,36.6,1989.0,Colombia,4499,0,Person_591,3356169388.0,Gemini,Blue,Travel
REC00592,13,101.5,,24.4,141.8,15.91,0.08,35.4,1991.0,Colombia,9080,0,Person_592,3608920728.0,Libra,Blue,Gaming
REC00593,5,112.6,,52.6,236.9,34.33,0.283,55.8,1970.0,Colombia,7823,0,Person_593,3731663309.0,Capricorn,Red,Cinema
REC00594,8,10.0,83.0,,29.1,15.59,0.08,21.0,2005.0,Colombia,2189,0,Person_594,3953213706.0,Aries,Blue,Hiking
REC00595,7,90.3,78.8,23.8,24.6,22.79,1.539,21.0,2005.0,Colombia,7604,0,Person_595,3678134945.0,Virgo,Gray,Sports
REC00596,12,124.6,63.2,15.2,26.3,,0.118,57.7,1968.0,Colombia,9650,0,Person_596,3687049941.0,Gemini,Orange,Gardening
REC00597,4,113.4,70.8,20.0,26.0,26.95,0.778,42.0,1984.0,Colombia,2025,0,Person_597,3486143885.0,Gemini,Orange,Reading
REC00598,0,125.7,82.5,0.0,2.9,,0.745,26.1,2000.0,Colombia,8785,1,Person_598,3159567767.0,Cancer,Orange,Travel
REC00599,12,155.6,64.5,24.7,209.3,39.79,0.123,35.1,1991.0,Colombia,1071,0,Person_599,3595523002.0,Cancer,Red,Hiking
REC00600,6,112.9,66.4,,19.2,33.67,0.485,35.9,1990.0,Colombia,6546,0,Person_600,3003156390.0,Libra,Red,Reading
REC00601,14,84.4,,24.0,43.6,26.12,0.08,25.9,2000.0,Colombia,3685,0,Person_601,3785839641.0,Gemini,Gray,Sports
REC00602,4,108.0,64.5,6.9,0.8,41.48,0.33,34.7,1991.0,Colombia,8372,0,Person_602,3884532138.0,Scorpio,Yellow,Music
REC00603,5,143.1,80.3,,156.1,,0.08,37.3,1989.0,Colombia,2848,0,Person_603,3619057955.0,Scorpio,White,Cinema
REC00604,12,140.3,68.0,0.0,,33.55,1.27,57.2,1969.0,Colombia,3022,0,Person_604,3405565350.0,Aquarius,Orange,Cooking
REC00605,6,135.6,60.6,,234.6,,1.867,44.6,1981.0,Colombia,7338,0,Person_605,3312458940.0,Libra,Blue,Hiking
REC00606,2,101.3,77.3,9.9,121.7,,0.126,53.9,1972.0,Colombia,4741,0,Person_606,3832112527.0,Taurus,Green,Hiking
REC00607,11,142.6,56.3,19.7,30.1,29.77,0.117,21.0,2005.0,Colombia,2298,1,Person_607,3777642617.0,Leo,White,Sports
REC00608,9,149.3,94.2,18.5,22.8,,0.701,28.8,1997.0,Colombia,5102,0,Person_608,3041067749.0,Virgo,Gray,Hiking
REC00609,2,99.1,89.0,34.9,95.7,37.04,0.146,35.9,1990.0,Colombia,1904,0,Person_609,3530162746.0,Pisces,Yellow,Cooking
REC00610,4,118.8,76.2,20.9,36.2,27.89,1.127,21.0,2005.0,Colombia,4026,0,Person_610,3442312799.0,Capricorn,Blue,Cooking
REC00611,5,180.6,75.2,28.1,66.8,,0.427,47.2,1979.0,Colombia,7709,0,Person_611,3402212101.0,Cancer,Purple,Reading
REC00612,8,97.8,74.6,25.5,0.5,,0.216,40.7,1985.0,Colombia,5711,0,Person_612,3957161825.0,Capricorn,Yellow,Music
REC00613,12,68.8,64.1,33.6,5.1,45.13,0.894,28.6,1997.0,Colombia,9021,0,Person_613,3661495095.0,Leo,Orange,Cooking
REC00614,13,161.5,73.6,17.6,61.3,43.33,0.34,30.8,1995.0,Colombia,6969,0,Person_614,3071537799.0,Sagittarius,Orange,Cinema
REC00615,11,,58.9,38.7,66.8,25.22,1.213,48.0,1978.0,Colombia,3620,0,Person_615,3065095517.0,Aquarius,Purple,Hiking
REC00616,4,106.3,76.0,0.1,111.4,37.6,1.316,23.5,2003.0,Colombia,3646,0,Person_616,3928114458.0,Libra,Gray,Reading
REC00617,14,116.6,80.4,28.6,,19.88,0.09,48.5,1977.0,Colombia,5865,0,Person_617,3023237574.0,Taurus,Pink,Gardening
REC00618,0,83.3,65.5,11.3,57.6,28.87,0.08,30.0,1996.0,Colombia,8345,0,Person_618,3619584410.0,Aquarius,Yellow,Reading
REC00619,13,122.7,62.9,15.1,17.3,25.51,2.065,42.1,1984.0,Colombia,3289,0,Person_619,3487598552.0,Aries,Purple,Cinema
REC00620,13,155.0,55.5,25.7,7.8,39.48,1.183,34.0,1992.0,Chile,8370,0,Person_620,3760561271.0,Taurus,Gray,Travel
REC00621,13,103.7,87.5,25.6,42.3,22.96,0.08,59.8,1966.0,Colombia,4872,1,Person_621,3837679533.0,Gemini,Gray,Reading
REC00622,3,146.3,63.8,26.1,,35.01,0.895,22.4,2004.0,Colombia,8690,1,Person_622,3970583976.0,Aquarius,Red,Gardening
REC00623,4,133.9,67.6,6.1,20.1,32.0,0.306,26.1,2000.0,Colombia,2440,0,Person_623,3207326158.0,Taurus,Yellow,Cooking
REC00624,11,137.3,73.6,34.5,30.6,30.77,0.15,21.0,2005.0,Colombia,1765,0,Person_624,3004390741.0,Aquarius,Blue,Photography
REC00625,9,105.5,73.4,11.0,24.0,43.7,1.055,21.0,2005.0,Colombia,5092,0,Person_625,3983127185.0,Gemini,Pink,Photography
REC00626,9,109.4,,12.3,7.3,44.32,0.109,41.6,1984.0,Colombia,3666,0,Person_626,3430278155.0,Capricorn,Black,Photography
REC00627,4,,65.4,26.4,7.5,30.99,1.472,52.2,1974.0,Colombia,9655,0,Person_627,3869693526.0,Aquarius,Green,Travel
REC00628,6,103.0,56.3,17.1,17.2,29.58,0.115,42.9,1983.0,Colombia,6968,0,Person_628,3146288562.0,Aquarius,Yellow,Gardening
REC00629,3,154.9,54.2,,,,0.476,32.9,1993.0,Colombia,8641,1,Person_629,3364941420.0,Pisces,White,Cinema
REC00630,0,92.1,63.0,0.0,78.8,31.97,0.126,22.3,2004.0,Colombia,3181,1,Person_630,3560700838.0,Pisces,Gray,Sports
REC00631,13,96.6,58.6,22.8,27.1,45.67,0.394,43.8,1982.0,Colombia,4888,0,Person_631,3656704856.0,Sagittarius,Red,Photography
REC00632,13,139.2,66.4,22.2,26.3,31.1,0.576,21.6,2004.0,Colombia,1840,0,Person_632,3331787529.0,Cancer,Purple,Sports
REC00633,4,132.1,,14.9,32.3,,0.106,21.0,2005.0,Colombia,6899,1,Person_633,3276678365.0,Pisces,Orange,Travel
REC00634,6,140.7,65.5,0.0,87.0,22.22,0.368,29.3,1997.0,Colombia,5118,0,Person_634,3170671689.0,Sagittarius,Purple,Sports
REC00635,9,85.1,65.5,17.9,163.6,,0.317,21.0,2005.0,Colombia,1565,0,Person_635,3898331617.0,Aquarius,Purple,Hiking
REC00636,9,196.9,69.8,19.6,113.9,35.24,0.08,21.0,2005.0,Colombia,7005,0,Person_636,3083797485.0,Gemini,Pink,Travel
REC00637,5,83.5,65.1,16.3,104.0,32.74,0.853,55.6,1970.0,Colombia,8226,0,Person_637,3007681356.0,Pisces,Yellow,Sports
REC00638,4,124.6,69.2,1.6,53.0,,0.204,21.0,2005.0,Colombia,6890,1,Person_638,3622138165.0,Aries,Purple,Reading
REC00639,3,115.2,76.5,35.9,94.7,27.78,0.427,21.0,2005.0,Colombia,5311,0,Person_639,3516771228.0,Aquarius,Pink,Photography
REC00640,1,84.4,80.6,13.6,64.4,19.75,0.362,33.9,1992.0,Colombia,8736,0,Person_640,3350170725.0,Leo,Black,Music
REC00641,3,,82.0,,19.5,39.85,0.36,34.5,1992.0,Colombia,9848,0,Person_641,3086913960.0,Capricorn,Blue,Gaming
REC00642,14,120.7,94.7,0.0,18.7,25.45,0.08,30.2,1996.0,Colombia,3982,0,Person_642,3722471916.0,Capricorn,Black,Travel
REC00643,9,100.5,76.8,35.9,28.1,35.55,0.275,21.0,2005.0,Colombia,7083,0,Person_643,3103049864.0,Taurus,Yellow,Cooking
REC00644,9,,96.8,15.3,193.4,35.16,0.301,43.2,1983.0,Colombia,1556,0,Person_644,3750035134.0,Cancer,Orange,Gaming
REC00645,2,115.2,,21.0,63.4,20.35,0.661,27.7,1998.0,Colombia,4019,1,Person_645,3021723084.0,Taurus,Black,Cinema
REC00646,9,79.8,,31.2,105.9,39.34,0.916,47.6,1978.0,Colombia,3580,0,Person_646,3906118052.0,Taurus,Pink,Travel
REC00647,0,77.2,65.4,13.2,,28.03,0.394,25.3,2001.0,Colombia,9146,0,Person_647,3108449933.0,Gemini,Pink,Travel
REC00648,7,138.2,66.6,29.6,41.9,32.39,0.08,44.8,1981.0,Colombia,9243,1,Person_648,3088012644.0,Leo,Green,Sports
REC00649,4,75.4,68.6,0.0,10.7,29.49,0.135,48.6,1977.0,Colombia,5019,0,Person_649,3962206792.0,Cancer,Gray,Travel
REC00650,12,129.5,67.4,25.5,15.0,43.36,0.09,27.4,1999.0,Chile,4138,0,Person_650,3072186695.0,Taurus,White,Photography
REC00651,3,133.3,71.0,35.7,,41.4,0.08,43.6,1982.0,Colombia,1671,1,Person_651,3693439654.0,Aquarius,White,Gardening
REC00652,7,90.1,63.0,14.2,70.3,19.31,0.228,21.0,2005.0,Colombia,1777,0,Person_652,3086812839.0,Capricorn,Yellow,Gardening
REC00653,6,146.7,80.0,31.2,32.9,47.81,0.13,36.2,1990.0,Colombia,5927,0,Person_653,3694551093.0,Taurus,Gray,Cinema
REC00654,1,68.5,63.4,38.3,129.9,27.25,0.123,47.7,1978.0,Colombia,4022,0,Person_654,3841962754.0,Virgo,Green,Hiking
REC00655,0,128.9,77.9,17.5,,46.72,0.08,39.2,1987.0,Colombia,2860,1,Person_655,3510596534.0,Libra,Red,Music
REC00656,11,118.8,88.3,16.6,298.5,30.21,0.08,61.9,1964.0,Colombia,4139,0,Person_656,3825245687.0,Pisces,Purple,Hiking
REC00657,10,116.4,65.7,11.0,33.8,29.61,0.08,39.9,1986.0,Colombia,2074,0,Person_657,3747136110.0,Capricorn,Black,Photography
REC00658,3,84.7,79.5,14.9,32.9,30.27,0.094,28.6,1997.0,Colombia,7763,0,Person_658,3769311463.0,Virgo,Gray,Photography
REC00659,7,91.9,76.7,11.8,29.9,29.19,0.282,67.1,1959.0,Colombia,2986,0,Person_659,3474735264.0,Libra,Purple,Reading
REC00660,11,,97.0,11.0,10.4,49.67,0.357,52.6,1973.0,Colombia,7327,0,Person_660,3443493215.0,Aries,Red,Gardening
REC00661,1,156.5,63.9,32.0,9.4,31.47,0.08,21.0,2005.0,Colombia,2046,1,Person_661,3208288582.0,Virgo,Orange,Gaming
REC00662,2,142.3,79.5,12.1,,29.88,0.277,23.6,2002.0,Colombia,3176,0,Person_662,3223715858.0,Aquarius,Green,Cooking
REC00663,11,148.2,50.5,22.6,,32.54,0.209,21.0,2005.0,Colombia,3338,1,Person_663,3103240993.0,Gemini,Purple,Travel
REC00664,0,145.4,64.0,20.4,125.1,25.23,0.101,40.7,1985.0,Colombia,1500,0,Person_664,3799042509.0,Aries,Green,Music
REC00665,0,110.3,,,12.2,43.18,0.08,39.9,1986.0,Colombia,3233,0,Person_665,3309666353.0,Scorpio,Green,Cooking
REC00666,12,121.4,86.7,15.0,63.1,21.7,0.315,39.8,1986.0,Colombia,5608,0,Person_666,3528913917.0,Cancer,Gray,Hiking
REC00667,2,75.8,55.3,23.8,8.9,27.7,0.579,21.0,2005.0,Colombia,8234,1,Person_667,3442439854.0,Capricorn,Pink,Cooking
REC00668,10,117.3,79.4,27.9,3.7,38.56,0.128,25.3,2001.0,Colombia,8972,0,Person_668,3388923693.0,Scorpio,Blue,Reading
REC00669,4,155.5,,34.9,85.5,,0.08,31.2,1995.0,Colombia,7610,0,Person_669,3240209591.0,Capricorn,Yellow,Music
REC00670,11,100.2,51.7,,61.3,35.84,1.09,21.0,2005.0,Colombia,1600,0,Person_670,3784453816.0,Aquarius,White,Music
REC00671,2,150.7,72.2,,6.8,42.73,0.161,22.5,2003.0,Colombia,5284,1,Person_671,3567844178.0,Cancer,Green,Reading
REC00672,0,122.7,90.5,9.4,2.8,39.03,0.127,49.3,1977.0,Colombia,5483,0,Person_672,3894902781.0,Cancer,Gray,Photography
REC00673,0,78.4,56.6,,366.5,32.96,0.973,21.0,2005.0,Colombia,6901,1,Person_673,3918756146.0,Pisces,Gray,Reading
REC00674,7,86.8,68.7,33.8,2.4,46.63,0.849,50.5,1976.0,Colombia,7129,0,Person_674,3909546805.0,Capricorn,Purple,Photography
REC00675,9,147.6,58.2,19.6,47.0,27.6,0.297,46.1,1980.0,Colombia,2754,0,Person_675,3796442106.0,Cancer,Purple,Gaming
REC00676,10,136.6,64.4,39.3,56.2,31.3,0.336,29.5,1996.0,Colombia,3464,0,Person_676,3688682329.0,Virgo,Black,Cinema
REC00677,11,123.1,87.2,,,31.79,0.123,25.2,2001.0,Colombia,5482,0,Person_677,3191765584.0,Sagittarius,Green,Photography
REC00678,12,111.8,66.7,27.2,14.8,,0.08,43.0,1983.0,Colombia,8400,0,Person_678,3329600373.0,Leo,Blue,Cooking
REC00679,12,,86.8,20.1,34.7,24.52,0.426,23.5,2002.0,Colombia,7806,1,Person_679,3214829211.0,Pisces,Yellow,Photography
REC00680,11,146.4,83.3,,114.7,20.91,0.08,24.1,2002.0,Colombia,9643,0,Person_680,3895781295.0,Capricorn,Yellow,Cinema
REC00681,14,164.3,65.6,22.9,56.6,34.92,0.298,32.7,1993.0,Colombia,8396,0,Person_681,3452847091.0,Scorpio,Orange,Hiking
REC00682,13,165.7,64.0,15.8,81.3,27.57,1.411,21.0,2005.0,Colombia,8338,0,Person_682,3006498450.0,Scorpio,Orange,Travel
REC00683,1,131.2,59.2,30.9,336.9,45.35,1.527,21.0,2005.0,Colombia,6241,0,Person_683,3836108722.0,Cancer,Black,Reading
REC00684,12,,58.8,27.2,116.9,31.49,0.137,29.2,1997.0,Colombia,8394,1,Person_684,3010024454.0,Aquarius,White,Travel
REC00685,2,124.4,74.2,30.3,45.6,30.24,0.489,38.7,1987.0,Colombia,7437,0,Person_685,3083689116.0,Capricorn,Orange,Reading
REC00686,1,135.7,69.8,23.2,47.3,,0.321,23.4,2003.0,Colombia,5695,0,Person_686,3707373046.0,Sagittarius,Red,Gaming
REC00687,2,135.5,62.5,10.9,77.1,34.82,1.042,30.6,1995.0,Colombia,3588,1,Person_687,3353656900.0,Sagittarius,Black,Gardening
REC00688,6,159.2,51.4,37.1,,,0.158,21.0,2005.0,Colombia,2782,1,Person_688,3212375133.0,Leo,Yellow,Cooking
REC00689,0,183.5,71.3,17.4,55.6,27.51,0.08,44.2,1982.0,Colombia,6947,0,Person_689,3457525104.0,Virgo,Yellow,Cooking
REC00690,9,113.8,64.4,23.6,82.8,,0.089,35.6,1990.0,Colombia,7594,0,Person_690,3424139626.0,Leo,Blue,Hiking
REC00691,7,,67.7,26.4,1.9,34.53,0.215,36.7,1989.0,Colombia,4520,0,Person_691,3445517687.0,Gemini,Gray,Gardening
REC00692,12,155.2,73.7,23.6,44.9,,0.19,38.9,1987.0,Colombia,4218,0,Person_692,3042776761.0,Aquarius,Red,Gardening
REC00693,9,117.0,,29.2,26.2,24.84,0.784,33.9,1992.0,Colombia,4757,0,Person_693,3368978823.0,Scorpio,White,Reading
REC00694,9,165.0,51.6,30.7,11.1,27.95,0.571,27.2,1999.0,Colombia,5016,0,Person_694,3803642025.0,Sagittarius,Purple,Cooking
REC00695,9,170.6,97.6,17.8,8.4,46.79,0.178,46.6,1979.0,Colombia,3837,1,Person_695,3277256395.0,Cancer,Black,Cooking
REC00696,13,106.2,63.9,36.3,73.9,41.78,0.306,34.9,1991.0,Colombia,7000,1,Person_696,3548123177.0,Sagittarius,Orange,Gardening
REC00697,1,172.0,40.0,17.3,59.3,35.2,0.08,31.0,1995.0,Colombia,8034,0,Person_697,3144332812.0,Sagittarius,Pink,Reading
REC00698,2,152.3,52.6,23.4,23.4,29.33,1.142,32.9,1993.0,Colombia,8309,0,Person_698,3308578969.0,Libra,Blue,Photography
REC00699,8,191.1,99.8,16.1,50.9,,1.37,32.6,1993.0,Colombia,5239,0,Person_699,3606303505.0,Scorpio,Yellow,Photography
REC00700,6,107.3,61.6,13.3,54.2,27.27,1.951,30.9,1995.0,Colombia,5428,1,Person_700,3109860914.0,Gemini,Pink,Cinema
REC00701,3,109.4,83.9,30.4,17.4,23.9,1.015,38.4,1988.0,Colombia,5150,0,Person_701,3038679027.0,Leo,Black,Sports
REC00702,9,,71.5,51.2,84.5,38.47,0.096,21.8,2004.0,Peru,2446,0,Person_702,3200612208.0,Gemini,Green,Music
REC00703,4,,64.2,16.4,121.5,35.77,0.08,22.6,2003.0,Colombia,7468,0,Person_703,3430100111.0,Libra,White,Gaming
REC00704,1,131.3,79.3,32.2,125.4,37.15,0.433,39.7,1986.0,Colombia,6790,0,Person_704,3591538532.0,Virgo,Green,Reading
REC00705,12,103.1,41.4,16.7,73.8,29.64,1.219,31.3,1995.0,Colombia,5175,0,Person_705,3905935874.0,Aquarius,Black,Photography
REC00706,10,,52.7,19.9,57.3,33.79,0.098,44.7,1981.0,Colombia,6080,0,Person_706,3481750269.0,Gemini,Green,Hiking
REC00707,12,80.7,64.1,37.6,,28.98,0.08,37.9,1988.0,Colombia,1864,0,Person_707,3231099866.0,Sagittarius,White,Music
REC00708,7,156.0,53.9,9.3,,,0.819,26.4,2000.0,Colombia,7860,1,Person_708,3715307854.0,Pisces,Gray,Music
REC00709,3,105.3,63.0,6.6,7.8,43.67,0.08,39.9,1986.0,Colombia,9663,0,Person_709,3040728057.0,Aries,Black,Music
REC00710,8,200.0,80.2,19.1,265.5,,0.267,47.4,1979.0,Colombia,7217,0,Person_710,3122964223.0,Capricorn,Pink,Gardening
REC00711,4,114.7,71.6,26.6,11.6,35.55,0.568,38.4,1988.0,Colombia,6672,1,Person_711,3387047084.0,Gemini,Green,Cinema
REC00712,12,97.2,86.0,,13.2,37.85,0.135,41.0,1985.0,Colombia,2502,0,Person_712,3912952469.0,Aquarius,White,Hiking
REC00713,8,107.6,72.3,23.6,176.3,32.94,0.08,30.9,1995.0,Colombia,5684,0,Person_713,3206337511.0,Capricorn,Orange,Sports
REC00714,3,77.6,81.9,20.3,230.5,33.68,0.735,44.9,1981.0,Colombia,2410,0,Person_714,3435441942.0,Aquarius,Purple,Hiking
REC00715,9,134.5,,27.9,116.1,24.39,0.497,26.0,2000.0,Colombia,4770,0,Person_715,3150602810.0,Libra,White,Hiking
REC00716,4,107.4,62.9,0.0,0.4,25.73,2.232,37.1,1989.0,Colombia,5659,0,Person_716,3170631613.0,Gemini,Blue,Reading
REC00717,8,153.9,87.8,12.5,0.1,25.37,0.211,63.8,1962.0,Colombia,5001,0,Person_717,3160004208.0,Gemini,Purple,Cinema
REC00718,7,,,19.1,38.0,36.24,0.08,39.5,1987.0,Colombia,4483,0,Person_718,3924365635.0,Taurus,Orange,Travel
REC00719,2,,74.1,27.0,12.4,32.5,0.663,28.0,1998.0,Colombia,5562,1,Person_719,3113160946.0,Sagittarius,Red,Cinema
REC00720,0,142.7,79.2,34.9,1.5,25.73,0.369,27.9,1998.0,Colombia,1598,0,Person_720,3283162421.0,Aquarius,Pink,Travel
REC00721,2,120.9,80.1,11.1,49.9,36.06,0.12,32.1,1994.0,Colombia,4041,0,Person_721,3136680936.0,Cancer,Yellow,Sports
REC00722,3,167.4,56.0,34.6,229.3,35.8,0.761,43.2,1983.0,Colombia,9160,0,Person_722,3292099478.0,Capricorn,Orange,Reading
REC00723,1,148.6,82.6,15.5,31.3,27.14,0.114,34.7,1991.0,Colombia,7391,0,Person_723,3266828142.0,Virgo,Gray,Gardening
REC00724,0,,,18.7,86.6,31.81,0.151,25.2,2001.0,Colombia,8287,0,Person_724,3198857787.0,Taurus,Purple,Music
REC00725,6,107.7,79.7,25.8,84.5,35.83,0.08,25.2,2001.0,Colombia,1066,0,Person_725,3071113032.0,Sagittarius,Gray,Reading
REC00726,7,122.3,76.4,18.0,23.1,25.99,0.255,34.8,1991.0,Colombia,9123,0,Person_726,3780536535.0,Libra,Purple,Gardening
REC00727,6,167.1,79.8,31.1,84.1,35.96,0.271,33.5,1992.0,Colombia,3750,0,Person_727,3941506004.0,Capricorn,Blue,Reading
REC00728,13,73.7,55.5,16.0,19.1,34.11,0.361,38.5,1988.0,Colombia,9661,1,Person_728,3871870184.0,Leo,Red,Gardening
REC00729,4,,77.1,,10.4,25.01,0.617,44.0,1982.0,Colombia,7806,0,Person_729,3565701613.0,Libra,Yellow,Reading
REC00730,11,133.2,83.0,30.5,96.7,33.54,1.183,65.7,1960.0,Colombia,7429,1,Person_730,3055330358.0,Cancer,Blue,Cinema
REC00731,0,,72.3,12.4,9.6,34.56,0.08,21.0,2005.0,Colombia,9123,0,Person_731,3599414644.0,Capricorn,Orange,Cinema
REC00732,6,79.1,60.2,22.5,462.3,27.62,0.08,41.2,1985.0,Colombia,2631,0,Person_732,3914963151.0,Libra,Gray,Cinema
REC00733,12,99.8,81.0,3.4,16.2,28.17,0.08,34.2,1992.0,Colombia,7452,0,Person_733,3288611390.0,Taurus,Purple,Music
REC00734,6,,,,72.1,24.94,0.08,21.0,2005.0,Colombia,1774,0,Person_734,3100944055.0,Libra,Orange,Gaming
REC00735,8,105.3,49.9,32.1,42.4,28.86,0.536,48.0,1978.0,Colombia,7107,1,Person_735,3013538302.0,Cancer,White,Cooking
REC00736,2,138.7,,,10.8,31.92,0.65,38.1,1988.0,Colombia,8804,1,Person_736,3522213686.0,Cancer,Red,Travel
REC00737,8,105.7,63.7,33.4,2.3,28.19,0.772,42.6,1983.0,Colombia,5019,0,Person_737,3248815384.0,Aries,Pink,Cinema
REC00738,13,161.6,88.1,,78.0,,0.14,21.0,2005.0,Colombia,1929,0,Person_738,3240764441.0,Pisces,White,Gaming
REC00739,0,169.8,86.0,,131.5,27.18,0.183,30.4,1996.0,Colombia,4012,1,Person_739,3717828272.0,Gemini,Gray,Travel
REC00740,0,158.3,,10.8,147.6,29.08,0.33,21.0,2005.0,Colombia,6024,0,Person_740,3330616382.0,Leo,Red,Reading
REC00741,13,,72.8,35.8,52.7,37.72,0.08,59.0,1967.0,Colombia,7264,1,Person_741,3852467116.0,Leo,Red,Sports
REC00742,3,50.3,81.0,9.0,120.2,36.16,0.472,46.7,1979.0,Colombia,8973,0,Person_742,3826743880.0,Taurus,Orange,Gardening
REC00743,8,,56.3,8.5,,37.85,2.059,24.8,2001.0,Colombia,5729,1,Person_743,3129962830.0,Cancer,White,Gaming
REC00744,5,115.7,70.1,3.9,103.1,26.83,0.224,21.0,2005.0,Colombia,8961,0,Person_744,3631131302.0,Aries,Orange,Hiking
REC00745,12,93.2,75.4,15.1,54.3,32.99,0.699,35.3,1991.0,Colombia,3819,1,Person_745,3344077536.0,Sagittarius,Orange,Photography
REC00746,10,,57.1,13.1,80.3,15.04,0.347,46.1,1980.0,Colombia,7655,0,Person_746,3310515268.0,Aries,Orange,Gaming
REC00747,2,168.3,72.5,,,35.0,0.08,21.0,2005.0,Colombia,2184,0,Person_747,3516593591.0,Virgo,Gray,Cinema
REC00748,0,70.6,90.2,39.9,40.6,36.28,0.436,21.8,2004.0,Colombia,9480,0,Person_748,3248260616.0,Libra,Purple,Cinema
REC00749,3,174.4,76.7,,131.2,29.54,0.178,21.0,2005.0,Colombia,7343,1,Person_749,3189837547.0,Gemini,Purple,Gaming
REC00750,11,146.5,81.0,24.1,71.7,34.07,0.08,43.4,1983.0,Colombia,1527,0,Person_750,3477971141.0,Pisces,Gray,Gardening
REC00751,12,128.0,40.6,35.9,,21.4,0.504,28.6,1997.0,Colombia,1916,0,Person_751,3961669804.0,Aries,Yellow,Travel
REC00752,8,98.6,88.7,22.6,2.0,26.39,0.979,29.1,1997.0,Colombia,4574,0,Person_752,3884491033.0,Libra,Pink,Reading
REC00753,2,93.8,67.8,12.5,36.0,37.36,0.211,35.1,1991.0,Colombia,4319,0,Person_753,3821447707.0,Gemini,Blue,Photography
REC00754,11,71.2,60.8,3.0,,35.58,0.247,22.5,2004.0,Colombia,2406,1,Person_754,3146844455.0,Capricorn,Pink,Reading
REC00755,8,171.5,,11.9,146.5,29.12,1.108,21.0,2005.0,Colombia,2241,1,Person_755,3425711502.0,Pisces,Gray,Music
REC00756,6,166.1,52.2,35.1,10.9,37.68,0.84,49.4,1977.0,Colombia,6206,1,Person_756,3768382597.0,Pisces,Green,Gardening
REC00757,11,77.8,82.6,7.4,128.8,32.97,0.628,50.5,1975.0,Colombia,8249,0,Person_757,3530684453.0,Virgo,Blue,Cinema
REC00758,13,103.4,66.0,23.5,159.0,28.47,0.143,35.2,1991.0,Colombia,4133,0,Person_758,3384888003.0,Pisces,Yellow,Music
REC00759,14,133.0,61.1,30.3,13.1,30.72,1.205,36.0,1990.0,Colombia,1798,0,Person_759,3782849226.0,Virgo,Black,Reading
REC00760,3,111.0,68.0,22.9,,28.81,0.084,48.1,1978.0,Colombia,2523,1,Person_760,3543580244.0,Pisces,Blue,Reading
REC00761,2,62.4,,24.0,381.0,23.71,0.493,34.9,1991.0,Colombia,8209,0,Person_761,3699062079.0,Cancer,Red,Photography
REC00762,9,100.3,71.6,26.6,103.8,40.8,0.08,28.0,1998.0,Colombia,5928,0,Person_762,3329174045.0,Pisces,Gray,Cooking
REC00763,14,178.5,53.1,23.8,122.9,28.02,0.516,33.5,1993.0,Colombia,3888,0,Person_763,3061184465.0,Aquarius,Black,Reading
REC00764,4,102.3,75.6,36.1,415.0,26.17,0.162,49.7,1976.0,Colombia,3690,0,Person_764,3492872802.0,Virgo,Pink,Travel
REC00765,4,115.1,58.9,9.6,74.4,,0.299,33.6,1992.0,Colombia,5091,0,Person_765,3354566018.0,Aquarius,Black,Travel
REC00766,2,85.6,44.1,22.4,29.4,15.0,0.212,25.0,2001.0,Colombia,8282,0,Person_766,3839488701.0,Capricorn,Gray,Gaming
REC00767,11,,88.0,1.8,145.4,,0.095,34.8,1991.0,Colombia,7249,1,Person_767,3304971787.0,Cancer,Pink,Photography
REC00768,8,,75.5,0.0,,37.56,0.486,40.9,1985.0,Colombia,1690,1,Person_768,3919428698.0,Scorpio,Gray,Photography
